Title;Publication Title;Authors;Publication Year;Publisher
3D crowdsourced parametric cadastral mapping: Pathways integrating BIM/IFC, crowdsourced data and LADM;Land Use Policy;"Gkeli M.; Potsiou C.";2023;Elsevier Ltd
3D crowdsourced parametric cadastral mapping: Pathways integrating BIM/IFC, crowdsourced data and LADM;LAND USE POLICY;"Gkeli, M; Potsiou, C";;
A Community-Sourced View on Engineering Digital Twins: A Report from the EDT.Community;Proceedings of the 25th International Conference on Model Driven Engineering Languages and Systems: Companion Proceedings;Cleophas L,Godfrey T,Khelladi DE,Lehner D,Combemale B,van den Brand M,Vierhauser M,Wimmer M,Zschaler S;2022.0;ACM
A comparative study on digital twin models;AIP Conference Proceedings;"Liu Q.; Liu B.; Wang G.; Zhang C.";2019;American Institute of Physics Inc.
A Comparative Study on Digital Twin Models;ADVANCES IN MATERIALS, MACHINERY, ELECTRONICS III;"Liu, Q; Liu, B; Wang, G; Zhang, C";;
A data- and model-driven approach for cancer treatment;ONKOLOGE;"Schade, S; Ogilvie, LA; Kessler, T; Schutte, M; Wierling, C; Lange, BM; Lehrach, H; Yaspo, ML";;
A data- and model-driven approach for cancer treatment. German version;ONKOLOGE;"Schade, S; Ogilvie, LA; Kessler, T; Schutte, M; Wierling, C; Lange, BM; Lehrach, H; Yaspo, ML";;
A data-model fusion dispatch strategy for the building energy flexibility based on the digital twin;Applied Energy;"Song Y.; Xia M.; Chen Q.; Chen F.";2023;Elsevier Ltd
A data-model fusion dispatch strategy for the building energy flexibility based on the digital twin;APPLIED ENERGY;"Song, YG; Xia, MC; Chen, QF; Chen, FJ";;
A Digital Twin Model-Driven Architecture for Cyber-Physical and Human Systems;Proceedings of the I-ESA Conferences;"Poursoltan M.; Traore M.K.; PinËde N.; Vallespir B.";2023;Springer Science and Business Media Deutschland GmbH
A digital twin-driven hybrid approach for the prediction of performance degradation in transmission unit of CNC machine tool;ROBOTICS AND COMPUTER-INTEGRATED MANUFACTURING;"Yang, X; Ran, Y; Zhang, GB; Wang, HW; Mu, ZY; Zhi, SG";;
A Flexible and Modular Architecture for Edge Digital Twin: Implementation and Evaluation;ACM Trans. Internet Things;Picone M,Mamei M,Zambonelli F;2023;ACM
A Flexible and Modular Architecture for Edge Digital Twin: Implementation and Evaluation;ACM Trans. Internet Things;Picone M,Mamei M,Zambonelli F;2023.0;ACM
A framework for Model-Driven Engineering of resilient software-controlled systems;Computing;"Parri J.; Patara F.; Sampietro S.; Vicario E.";2021;Springer
A framework for Model-Driven Engineering of resilient software-controlled systems;COMPUTING;"Parri, J; Patara, F; Sampietro, S; Vicario, E";;
A Lightweight Model-driven MES Simulation Framework Based On Probabilistic Finite Automata;2022 7th International Conference on Intelligent Computing and Signal Processing (ICSP);"K. Zhang; J. Tian; J. Han; Q. Yuan";2022;IEEE
A Lightweight Model-driven MES Simulation Framework Based On Probabilistic Finite Automata;2022 7th International Conference on Intelligent Computing and Signal Processing, ICSP 2022;"Zhang K.; Tian J.; Han J.; Yuan Q.";2022;Institute of Electrical and Electronics Engineers Inc.
A Lightweight Model-driven MES Simulation Framework Based On Probabilistic Finite Automata;2022 7th International Conference on Intelligent Computing and Signal Processing (ICSP);"K. Zhang; J. Tian; J. Han; Q. Yuan";2022.0;IEEE
A Methodology for Digital Twin Modeling and Deployment for Industry 4.0;Proceedings of the IEEE;"G. N. Schroeder; C. Steinmetz; R. N. Rodrigues; R. V. B. Henriques; A. Rettberg; C. E. Pereira";2021;IEEE
A Methodology for Digital Twin Modeling and Deployment for Industry 4.0;Proceedings of the IEEE;"Schroeder G.N.; Steinmetz C.; Rodrigues R.N.; Henriques R.V.B.; Rettberg A.; Pereira C.E.";2021;Institute of Electrical and Electronics Engineers Inc.
A Methodology for Digital Twin Modeling and Deployment for Industry 4.0;Proceedings of the IEEE;"G. N. Schroeder; C. Steinmetz; R. N. Rodrigues; R. V. B. Henriques; A. Rettberg; C. E. Pereira";2021.0;IEEE
A Methodology for Digital Twin Modeling and Deployment for Industry 4.0;PROCEEDINGS OF THE IEEE;"Schroeder, GN; Steinmetz, C; Rodrigues, RN; Henriques, RVB; Rettberg, A; Pereira, CE";;
A Model-Driven Approach for Situational Intelligence & Operational Awareness;2019 Petroleum and Chemical Industry Conference Europe (PCIC EUROPE);"S. Shokooh; G. Nordvik";2019;IEEE
A Model-Driven Approach for Situational Intelligence & Operational Awareness;2019 Petroleum and Chemical Industry Conference Europe (PCIC EUROPE);"S. Shokooh; G. Nordvik";2019.0;IEEE
A MODEL-DRIVEN APPROACH FOR SITUATIONAL INTELLIGENCE & OPERATIONAL AWARENESS;2019 PETROLEUM AND CHEMICAL INDUSTRY CONFERENCE EUROPE (PCIC EUROPE);"Shokooh, S; Nordvik, G";;
A multi-model ensemble digital twin solution for real-time unsteady flow state estimation of a pumping station;ISA TRANSACTIONS;"He, L; Wen, K; Gong, J; Wu, CC";;
A neural control of the parallel Gas Turbine with differential link;2017 International Conference on System Science and Engineering (ICSSE);Nguyen Hoang Mai;2017;IEEE
A neural control of the parallel Gas Turbine with differential link;2017 International Conference on System Science and Engineering (ICSSE);Nguyen Hoang Mai;2017.0;IEEE
A New 5S Radar Structure Design Model Driven by Digital Twin;Lecture Notes in Electrical Engineering;"Deng D.; Ding X.; Wang L.";2022;Springer Science and Business Media Deutschland GmbH
A new modeling approach for power grid online analysis;IFAC-PapersOnLine;"Zhou M.; Feng D.";2020;Elsevier B.V.
A New Modeling Approach for Power Grid Online Analysis;IFAC PAPERSONLINE;"Zhou, MK; Feng, DH";;
A Novel Methodology to Construct Digital Twin Models for Spacecraft Operations Using Fault and Behaviour Trees;Proceedings of the 25th International Conference on Model Driven Engineering Languages and Systems: Companion Proceedings;Christofi N,Pucel X;2022;ACM
A Novel Methodology to Construct Digital Twin Models for Spacecraft Operations Using Fault and Behaviour Trees;Proceedings of the 25th International Conference on Model Driven Engineering Languages and Systems: Companion Proceedings;Christofi N,Pucel X;2022.0;ACM
A pattern catalog for augmenting Digital Twin models with behavior;AT-AUTOMATISIERUNGSTECHNIK;"Lehner, D; Sint, S; Eisenberg, M; Wimmer, M";;
"A pattern catalog for augmenting Digital Twin models with behavior; [Ein Musterkatalog zur Erweiterung von digitalen Zwillingsmodellen um Verhaltenssichten]";At-Automatisierungstechnik;"Lehner D.; Sint S.; Eisenberg M.; Wimmer M.";2023;De Gruyter Oldenbourg
A software engineering point of view on digital twin architecture;2022 IEEE 27th International Conference on Emerging Technologies and Factory Automation (ETFA);"G. BÈchu; A. Beugnard; C. G. L. Cao; Q. Perez; C. Urtado; S. Vauttier";2022;IEEE
A software engineering point of view on digital twin architecture;IEEE International Conference on Emerging Technologies and Factory Automation, ETFA;"Bechu G.; Beugnard A.; Cao C.G.L.; Perez Q.; Urtado C.; Vauttier S.";2022;Institute of Electrical and Electronics Engineers Inc.
A software engineering point of view on digital twin architecture;2022 IEEE 27th International Conference on Emerging Technologies and Factory Automation (ETFA);"G. BÇchu; A. Beugnard; C. G. L. Cao; Q. Perez; C. Urtado; S. Vauttier";2022.0;IEEE
A software engineering point of view on digital twin architecture;2022 IEEE 27TH INTERNATIONAL CONFERENCE ON EMERGING TECHNOLOGIES AND FACTORY AUTOMATION (ETFA);"Bechu, G; Beugnard, A; Cao, CGL; Perez, Q; Urtado, C; Vauttier, S";;
A virtual model knowledge updating method driven by data;INTERNATIONAL JOURNAL OF ADVANCED MANUFACTURING TECHNOLOGY;"Luo, RP; Sheng, BY; Fu, GC; Huang, YZ; Jian, YC; Chen, G";;
AAS Capability-Based Operation and Engineering of Flexible Production Lines;2021 26th IEEE International Conference on Emerging Technologies and Factory Automation (ETFA );"Y. Huang; S. Dhouib; J. Malenfant";2021;IEEE
AAS Capability-Based Operation and Engineering of Flexible Production Lines;IEEE International Conference on Emerging Technologies and Factory Automation, ETFA;"Huang Y.; Dhouib S.; Malenfant J.";2021;Institute of Electrical and Electronics Engineers Inc.
AAS Capability-Based Operation and Engineering of Flexible Production Lines;2021 26th IEEE International Conference on Emerging Technologies and Factory Automation (ETFA );"Y. Huang; S. Dhouib; J. Malenfant";2021.0;IEEE
AAS Capability-Based Operation and Engineering of Flexible Production Lines;2021 26TH IEEE INTERNATIONAL CONFERENCE ON EMERGING TECHNOLOGIES AND FACTORY AUTOMATION (ETFA);"Huang, YN; Dhouib, S; Malenfant, J";;
AIoTML: A Unified Modeling Language for AIoT-Based Cyber-Physical Systems;IEEE Transactions on Computer-Aided Design of Integrated Circuits and Systems;"Hu M.; Cao E.; Huang H.; Zhang M.; Chen X.; Chen M.";2023;Institute of Electrical and Electronics Engineers Inc.
Air Quality Management: An Exemplar for Model-Driven Digital Twin Engineering;2021 ACM/IEEE International Conference on Model Driven Engineering Languages and Systems Companion (MODELS-C);"H. S. Govindasamy; R. Jayaraman; B. Taspinar; D. Lehner; M. Wimmer";2021;IEEE
Air Quality Management: An Exemplar for Model-Driven Digital Twin Engineering;Companion Proceedings - 24th International Conference on Model-Driven Engineering Languages and Systems, MODELS-C 2021;"Govindasamy H.S.; Jayaraman R.; Taspinar B.; Lehner D.; Wimmer M.";2021;Institute of Electrical and Electronics Engineers Inc.
Air Quality Management: An Exemplar for Model-Driven Digital Twin Engineering;2021 ACM/IEEE International Conference on Model Driven Engineering Languages and Systems Companion (MODELS-C);"H. S. Govindasamy; R. Jayaraman; B. Taspinar; D. Lehner; M. Wimmer";2021.0;IEEE
Air Quality Management: An Exemplar for Model-Driven Digital Twin Engineering;24TH ACM/IEEE INTERNATIONAL CONFERENCE ON MODEL-DRIVEN ENGINEERING LANGUAGES AND SYSTEMS COMPANION (MODELS-C 2021);"Govindasamy, HS; Jayaraman, R; Taspinar, B; Lehner, D; Wimmer, M";;
AML4DT: A Model-Driven Framework for Developing and Maintaining Digital Twins with AutomationML;2021 26th IEEE International Conference on Emerging Technologies and Factory Automation (ETFA );"D. Lehner; S. Sint; M. Vierhauser; W. Narzt; M. Wimmer";2021;IEEE
AML4DT: A Model-Driven Framework for Developing and Maintaining Digital Twins with AutomationML;IEEE International Conference on Emerging Technologies and Factory Automation, ETFA;"Lehner D.; Sint S.; Vierhauser M.; Narzt W.; Wimmer M.";2021;Institute of Electrical and Electronics Engineers Inc.
AML4DT: A Model-Driven Framework for Developing and Maintaining Digital Twins with AutomationML;2021 26th IEEE International Conference on Emerging Technologies and Factory Automation (ETFA );"D. Lehner; S. Sint; M. Vierhauser; W. Narzt; M. Wimmer";2021.0;IEEE
AML4DT: A Model-Driven Framework for Developing and Maintaining Digital Twins with AutomationML;2021 26TH IEEE INTERNATIONAL CONFERENCE ON EMERGING TECHNOLOGIES AND FACTORY AUTOMATION (ETFA);"Lehner, D; Sint, S; Vierhauser, M; Narzt, W; Wimmer, M";;
An AAS Modeling Tool for Capability-Based Engineering of Flexible Production Lines;IECON 2021 ñ 47th Annual Conference of the IEEE Industrial Electronics Society;"Y. Huang; S. Dhouib; J. Malenfant";2021;IEEE
An AAS Modeling Tool for Capability-Based Engineering of Flexible Production Lines;IECON 2021 ? 47th Annual Conference of the IEEE Industrial Electronics Society;"Y. Huang; S. Dhouib; J. Malenfant";2021.0;IEEE
An AAS Modeling Tool for Capability-Based Engineering of Flexible Production Lines;IECON 2021 - 47TH ANNUAL CONFERENCE OF THE IEEE INDUSTRIAL ELECTRONICS SOCIETY;"Huang, YN; Dhouib, S; Malenfant, J";;
An EV-Traction Inverter Data-Driven Modelling for Digital Twin Development;2023 23rd International Scientific Conference on Electric Power Engineering (EPE);"M. Ibrahim; H. A. Raja; A. Rass‰lkin; T. Vaimann; A. Kallaste";2023.0;IEEE
Analysis of digital twin application of urban rail power supply system for energy saving;2021 IEEE 1st International Conference on Digital Twins and Parallel Intelligence (DTPI);"Y. Wang; G. Zhang; R. Chen; Z. Liu; R. Qiu";2021;IEEE
Analysis of digital twin application of urban rail power supply system for energy saving;Proceedings 2021 IEEE 1st International Conference on Digital Twins and Parallel Intelligence, DTPI 2021;"Wang Y.; Zhang G.; Chen R.; Liu Z.; Qiu R.";2021;Institute of Electrical and Electronics Engineers Inc.
Analysis of digital twin application of urban rail power supply system for energy saving;2021 IEEE 1st International Conference on Digital Twins and Parallel Intelligence (DTPI);"Y. Wang; G. Zhang; R. Chen; Z. Liu; R. Qiu";2021.0;IEEE
Applying a Healthcare Web of Things Framework for Infertility Treatments;Lecture Notes in Computer Science (including subseries Lecture Notes in Artificial Intelligence and Lecture Notes in Bioinformatics);"Gorelova A.; Meli· S.";2022;Springer Science and Business Media Deutschland GmbH
Applying a Healthcare Web of Things Framework for Infertility Treatments;WEB ENGINEERING (ICWE 2022);"Gorelova, A; Melia, S";;
Automated Model Transformation in modeling Digital Twins of Industrial Internet-of-Things Applications utilizing AutomationML;2021 26th IEEE International Conference on Emerging Technologies and Factory Automation (ETFA );"C. Binder; A. Cal‡; J. Vollmar; C. Neureiter; A. L¸der";2021;IEEE
Automated Model Transformation in modeling Digital Twins of Industrial Internet-of-Things Applications utilizing AutomationML;IEEE International Conference on Emerging Technologies and Factory Automation, ETFA;"Binder C.; Cala A.; Vollmar J.; Neureiter C.; Luder A.";2021;Institute of Electrical and Electronics Engineers Inc.
Automated Model Transformation in modeling Digital Twins of Industrial Internet-of-Things Applications utilizing AutomationML;2021 26th IEEE International Conference on Emerging Technologies and Factory Automation (ETFA );"C. Binder; A. CalÖ; J. Vollmar; C. Neureiter; A. LÅder";2021.0;IEEE
Automated Model Transformation in modeling Digital Twins of Industrial Internet-of-Things Applications utilizing AutomationML;2021 26TH IEEE INTERNATIONAL CONFERENCE ON EMERGING TECHNOLOGIES AND FACTORY AUTOMATION (ETFA);"Binder, C; Cala, A; Vollmar, J; Neureiter, C; Luder, A";;
Challenges and Possible Approaches for Sustainable Digital Twinning;Proceedings of the 25th International Conference on Model Driven Engineering Languages and Systems: Companion Proceedings;Bellis S,Denil J;2022;ACM
Challenges and Possible Approaches for Sustainable Digital Twinning;Proceedings of the 25th International Conference on Model Driven Engineering Languages and Systems: Companion Proceedings;Bellis S,Denil J;2022.0;ACM
Classification and Mapping of Layout Algorithms for Usage in Graph-like Modeling Languages;Proceedings of the 25th International Conference on Model Driven Engineering Languages and Systems: Companion Proceedings;Wrobel G,Scheffler R;2022.0;ACM
Closed-Loop Systems Engineering (CLOSE): Integrating Experimentable Digital Twins with the Model-Driven Engineering Process;2018 IEEE International Systems Engineering Symposium (ISSE);"M. D. Maio; G. -D. Kapos; N. Klusmann; L. Atorf; U. Dahmen; M. Schluse; J. Rossmann";2018;IEEE
Closed-loop systems engineering (close): integrating experimentable digital twins with the model-driven engineering process;4th IEEE International Symposium on Systems Engineering, ISSE 2018 - Proceedings;"Di Maio M.; Kapos G.-D.; Klusmann N.; Atorf L.; Dahmen U.; Schluse M.; Rossmann J.";2018;Institute of Electrical and Electronics Engineers Inc.
Closed-Loop Systems Engineering (CLOSE): Integrating Experimentable Digital Twins with the Model-Driven Engineering Process;2018 IEEE International Systems Engineering Symposium (ISSE);"M. D. Maio; G. -D. Kapos; N. Klusmann; L. Atorf; U. Dahmen; M. Schluse; J. Rossmann";2018.0;IEEE
Closed-Loop Systems Engineering (CLOSE): Integrating Experimentable Digital Twins with the Model-Driven Engineering Process;2018 4TH IEEE INTERNATIONAL SYMPOSIUM ON SYSTEMS ENGINEERING (ISSE);"Di Maio, M; Kapos, GD; Klusmann, N; Atorf, L; Dahmen, U; Schluse, M; Rossmann, J";;
Combining Low-Code Programming and SDL-Based Modeling with Snap in the Industry 4.0 Context;Companion Proceedings - 24th International Conference on Model-Driven Engineering Languages and Systems, MODELS-C 2021;"Palomes X.P.I.; Tuset-Peiro P.; Casas P.F.I.";2021;Institute of Electrical and Electronics Engineers Inc.
Combining Low-Code Programming and SDL-Based Modeling with Snap! in the Industry 4.0 Context;2021 ACM/IEEE International Conference on Model Driven Engineering Languages and Systems Companion (MODELS-C);"X. P. i. PalomÈs; P. Tuset-PeirÛ; P. F. i. Casas";2021;IEEE
Combining Low-Code Programming and SDL-Based Modeling with Snap! in the Industry 4.0 Context;2021 ACM/IEEE International Conference on Model Driven Engineering Languages and Systems Companion (MODELS-C);"X. P. i. PalomÇs; P. Tuset-Peir¢; P. F. i. Casas";2021.0;IEEE
Combining Low-Code Programming and SDL-Based Modeling with Snap! in the Industry 4.0 Context;24TH ACM/IEEE INTERNATIONAL CONFERENCE ON MODEL-DRIVEN ENGINEERING LANGUAGES AND SYSTEMS COMPANION (MODELS-C 2021);"Palomes, XPI; Tuset-Peiro, P; Casas, PFI";;
Combining physics-based and data-driven techniques for reliable hybrid analysis and modeling using the corrective source term approach;Applied Soft Computing;"Blakseth S.S.; Rasheed A.; Kvamsdal T.; San O.";2022;Elsevier Ltd
Concept of a Modular and System Model Driven Digital Twin for Engineering Education;2023 18th Annual System of Systems Engineering Conference (SoSe);"F. Wilking; M. Behringer; M. Fett; S. Goetz; E. Kirchner; S. Wartzack";2023.0;IEEE
Coordination and Explanation of Reconfigurations in Self-Adaptive High-Performance Systems;Proceedings of the 25th International Conference on Model Driven Engineering Languages and Systems: Companion Proceedings;Stieﬂ S,Becker S,Ege F,Hˆppner S,Tichy M;2022;ACM
Coordination and Explanation of Reconfigurations in Self-Adaptive High-Performance Systems;Proceedings of the 25th International Conference on Model Driven Engineering Languages and Systems: Companion Proceedings;Stie· S,Becker S,Ege F,Hîppner S,Tichy M;2022.0;ACM
CPSAML: A Language and Code Generation Framework for Digital Twin Based Monitoring of Mobile Cyber-Physical Systems;Proceedings of the 25th International Conference on Model Driven Engineering Languages and Systems: Companion Proceedings;Fend A,Bork D;2022;ACM
CPSAML: A Language and Code Generation Framework for Digital Twin Based Monitoring of Mobile Cyber-Physical Systems;Proceedings of the 25th International Conference on Model Driven Engineering Languages and Systems: Companion Proceedings;Fend A,Bork D;2022.0;ACM
Data- and model-driven digital twins for design and logistics control of product distribution;2021 23rd International Conference on Control Systems and Computer Science (CSCS);"M. Stan; T. Borangiu; S. R?ileanu";2021;IEEE
Data- And model-driven digital twins for design and logistics control of product distribution;Proceedings - 2021 23rd International Conference on Control Systems and Computer Science Technologies, CSCS 2021;"Stan M.; Borangiu T.; Raileanu S.";2021;Institute of Electrical and Electronics Engineers Inc.
Data- and model-driven digital twins for design and logistics control of product distribution;2021 23rd International Conference on Control Systems and Computer Science (CSCS);"M. Stan; T. Borangiu; S. R?ileanu";2021.0;IEEE
Data-driven engineering definitions and insights from an industrial case study for a new approach in technical product development;Proceedings of the NordDesign 2020 Conference, NordDesign 2020;"Trauer J.; Schweigert-Recksiek S.; Okamoto L.O.; Spreitzer K.; Mˆrtl M.; Zimmermann M.";2020;The Design Society
Data-Driven Methodology to Support Long-Lasting Logistics and Decision Making for Urban Last-Mile Operations;SUSTAINABILITY;"Gutierrez-Franco, E; Mejia-Argueta, C; Rabelo, L";;
DataTime: a Framework to smoothly Integrate Past, Present and Future into Models;2021 ACM/IEEE 24th International Conference on Model Driven Engineering Languages and Systems (MODELS);"G. Lyan; J. -M. JÈzÈquel; D. Gross-Amblard; B. Combemale";2021;IEEE
DataTime: A Framework to smoothly Integrate Past, Present and Future into Models;Proceedings - 24th International Conference on Model-Driven Engineering Languages and Systems, MODELS 2021;"Lyan G.; Jezequel J.-M.; Gross-Amblard D.; Combemale B.";2021;Institute of Electrical and Electronics Engineers Inc.
DataTime: a Framework to smoothly Integrate Past, Present and Future into Models;2021 ACM/IEEE 24th International Conference on Model Driven Engineering Languages and Systems (MODELS);"G. Lyan; J. -M. JÇzÇquel; D. Gross-Amblard; B. Combemale";2021.0;IEEE
DataTime: a Framework to smoothly Integrate Past, Present and Future into Models;24TH INTERNATIONAL CONFERENCE ON MODEL-DRIVEN ENGINEERING LANGUAGES AND SYSTEMS (MODELS 2021);"Lyan, G; Jezequel, JM; Gross-Amblard, D; Combemale, B";;
Decentralized Autonomous Operations and Organizations in TransVerse: Federated Intelligence for Smart Mobility;IEEE TRANSACTIONS ON SYSTEMS MAN CYBERNETICS-SYSTEMS;"Zhao, C; Dai, XY; Lv, YS; Niu, JL; Lin, YL";;
Deep neural network enabled corrective source term approach to hybrid analysis and modeling;Neural Networks;"Blakseth S.S.; Rasheed A.; Kvamsdal T.; San O.";2022;Elsevier Ltd
Developing a Physical and Digital Twin: An Example Process Model;2021 ACM/IEEE International Conference on Model Driven Engineering Languages and Systems Companion (MODELS-C);"H. Feng; C. Gomes; M. Sandberg; C. Thule; K. Lausdahl; P. G. Larsen";2021;IEEE
Developing a Physical and Digital Twin: An Example Process Model;Companion Proceedings - 24th International Conference on Model-Driven Engineering Languages and Systems, MODELS-C 2021;"Feng H.; Gomes C.; Sandberg M.; Thule C.; Lausdahl K.; Larsen P.G.";2021;Institute of Electrical and Electronics Engineers Inc.
Developing a Physical and Digital Twin: An Example Process Model;2021 ACM/IEEE International Conference on Model Driven Engineering Languages and Systems Companion (MODELS-C);"H. Feng; C. Gomes; M. Sandberg; C. Thule; K. Lausdahl; P. G. Larsen";2021.0;IEEE
Developing a Physical and Digital Twin: An Example Process Model;24TH ACM/IEEE INTERNATIONAL CONFERENCE ON MODEL-DRIVEN ENGINEERING LANGUAGES AND SYSTEMS COMPANION (MODELS-C 2021);"Feng, H; Gomes, C; Sandberg, M; Thule, C; Lausdahl, K; Larsen, PG";;
Digital Behavioral Twins for Safe Connected Cars;Proceedings of the 21th ACM/IEEE International Conference on Model Driven Engineering Languages and Systems;Chen X,Kang E,Shiraishi S,Preciado VM,Jiang Z;2018.0;ACM
Digital Behavioral Twins for Safe Connected Cars;21ST ACM/IEEE INTERNATIONAL CONFERENCE ON MODEL DRIVEN ENGINEERING LANGUAGES AND SYSTEMS (MODELS 2018);"Chen, XM; Kang, E; Shiraishi, S; Preciado, VM; Jiang, ZH";;
Digital modeling-driven chatter suppression for thin-walled part manufacturing;JOURNAL OF INTELLIGENT MANUFACTURING;"Zhou, G; Zhou, K; Zhang, J; Yuan, M; Wang, XH; Feng, PF; Zhang, M; Feng, F";;
Digital Twin as Risk-Free Experimentation Aid for Techno-Socio-Economic Systems;Proceedings of the 25th International Conference on Model Driven Engineering Languages and Systems;Barat S,Kulkarni V,Clark T,Barn B;2022;ACM
Digital Twin as Risk-Free Experimentation Aid for Techno-Socio-Economic Systems;Proceedings of the 25th International Conference on Model Driven Engineering Languages and Systems;Barat S,Kulkarni V,Clark T,Barn B;2022.0;ACM
Digital Twin Driven Green Performance Evaluation Methodology of Intelligent Manufacturing: Hybrid Model Based on Fuzzy Rough-Sets AHP, Multistage Weight Synthesis, and PROMETHEE II;COMPLEXITY;"Li, LH; Mao, CL; Sun, HX; Yuan, YP; Lei, BB";;
Digital Twin Enables Rational Design of Ultrahigh-Power Lithium-Ion Batteries;Advanced Energy Materials;"Zhang H.; Ren D.; Ming H.; Zhang W.; Cao G.; Liu J.; Wang L.; Song J.; Qiu J.; Wang J.; He X.; Zhang H.";2023;John Wiley and Sons Inc
Digital Twin Enables Rational Design of Ultrahigh-Power Lithium-Ion Batteries;ADVANCED ENERGY MATERIALS;"Zhang, HM; Ren, DS; Ming, H; Zhang, WF; Cao, GP; Liu, JH; Wang, L; Song, JL; Qiu, JY; Wang, JL; He, XM; Zhang, H";;
Digital twin enhanced human-machine interaction in product lifecycle;Procedia CIRP;"Ma X.; Tao F.; Zhang M.; Wang T.; Zuo Y.";2019;Elsevier B.V.
Digital twin enhanced human-machine interaction in product lifecycle;11TH CIRP CONFERENCE ON INDUSTRIAL PRODUCT-SERVICE SYSTEMS;"Ma, X; Tao, F; Zhang, M; Wang, T; Zuo, Y";;
Digital Twin of an Electrical Motor Based on Empirical Performance Model;2020 XI International Conference on Electrical Power Drive Systems (ICEPDS);"A. Rassılkin; V. Rjabtöikov; T. Vaimann; A. Kallaste; V. Kuts; A. Partyshev";2020;IEEE
Digital Twin of an Electrical Motor Based on Empirical Performance Model;2020 11th International Conference on Electrical Power Drive Systems, ICEPDS 2020 - Proceedings;"Rassolkin A.; Rjabtsikov V.; Vaimann T.; Kallaste A.; Kuts V.; Partyshev A.";2020;Institute of Electrical and Electronics Engineers Inc.
Digital Twin of an Electrical Motor Based on Empirical Performance Model;2020 XI International Conference on Electrical Power Drive Systems (ICEPDS);"A. Rass‰lkin; V. Rjabt?ikov; T. Vaimann; A. Kallaste; V. Kuts; A. Partyshev";2020.0;IEEE
Digital Twin of an Electrical Motor Based on Empirical Performance Model;2020 XI INTERNATIONAL CONFERENCE ON ELECTRICAL POWER DRIVE SYSTEMS (ICEPDS);"Rassolkin, A; Rjabtsikov, V; Vaimann, T; Kallaste, A; Kuts, V; Partyshev, A";;
Digital Twin Operational Platform for Connectivity and Accessibility using Flask Python;2021 ACM/IEEE International Conference on Model Driven Engineering Languages and Systems Companion (MODELS-C);"M. S. Bonney; M. de Angelis; D. Wagg; M. D. Borgo";2021;IEEE
Digital Twin Operational Platform for Connectivity and Accessibility using Flask Python;Companion Proceedings - 24th International Conference on Model-Driven Engineering Languages and Systems, MODELS-C 2021;"Bonney M.S.; De Angelis M.; Wagg D.; Borgo M.D.";2021;Institute of Electrical and Electronics Engineers Inc.
Digital Twin Operational Platform for Connectivity and Accessibility using Flask Python;2021 ACM/IEEE International Conference on Model Driven Engineering Languages and Systems Companion (MODELS-C);"M. S. Bonney; M. de Angelis; D. Wagg; M. D. Borgo";2021.0;IEEE
Digital Twin Operational Platform for Connectivity and Accessibility using Flask Python;24TH ACM/IEEE INTERNATIONAL CONFERENCE ON MODEL-DRIVEN ENGINEERING LANGUAGES AND SYSTEMS COMPANION (MODELS-C 2021);"Bonney, MS; de Angelis, M; Wagg, D; Dal Borgo, M";;
Digital Twin Service Unit for AC Motor Stator Inter-Turn Short Circuit Fault Detection;2021 28th International Workshop on Electric Drives: Improving Reliability of Electric Drives (IWED);"V. Rjabtöikov; A. Rassılkin; B. Asad; T. Vaimann; A. Kallaste; V. Kuts; S. Jegorov; M. St?pie?; M. Krawczyk";2021;IEEE
Digital Twin Service Unit for AC Motor Stator Inter-Turn Short Circuit Fault Detection;2021 28th International Workshop on Electric Drives: Improving Reliability of Electric Drives, IWED 2021 - Proceedings;"Rjabtsikov V.; Rassolkin A.; Asad B.; Vaimann T.; Kallaste A.; Kuts V.; Jegorov S.; Stepien M.; Krawczyk M.";2021;Institute of Electrical and Electronics Engineers Inc.
Digital Twin Service Unit for AC Motor Stator Inter-Turn Short Circuit Fault Detection;2021 28th International Workshop on Electric Drives: Improving Reliability of Electric Drives (IWED);"V. Rjabt?ikov; A. Rass‰lkin; B. Asad; T. Vaimann; A. Kallaste; V. Kuts; S. Jegorov; M. St?pie?; M. Krawczyk";2021.0;IEEE
Digital Twin Service Unit for AC Motor Stator Inter-Turn Short Circuit Fault Detection;2021 28TH INTERNATIONAL WORKSHOP ON ELECTRIC DRIVES: IMPROVING RELIABILITY OF ELECTRIC DRIVES (IWED2021);"Rjabtsikov, V; Rassolkin, A; Asad, B; Vaimann, T; Kallaste, A; Kuts, V; Jegorov, S; Stepien, M; Krawczyk, M";;
"Digital twin synchronization method and system implementation for micro-assembly unit; [?????????????????????]";Jisuanji Jicheng Zhizao Xitong/Computer Integrated Manufacturing Systems, CIMS;"Huang J.; Shi J.; Yi Y.; Xu H.; Yan Y.; Liu J.; Liu X.";2021;CIMS
Digital Twins Driving Model Based on Petri Net in Industrial Pipeline;2020 International Conference on Artificial Intelligence and Electromechanical Automation (AIEA);"Y. Dai; Y. Shi; Z. Zhang; R. Tao; F. Fang";2020;IEEE
Digital twins driving model based on petri net in industrial pipeline;Proceedings - International Conference on Artificial Intelligence and Electromechanical Automation, AIEA 2020;"Dai Y.; Shi Y.; Zhang Z.; Tao R.; Fang F.";2020;Institute of Electrical and Electronics Engineers Inc.
Digital Twins Driving Model Based on Petri Net in Industrial Pipeline;2020 International Conference on Artificial Intelligence and Electromechanical Automation (AIEA);"Y. Dai; Y. Shi; Z. Zhang; R. Tao; F. Fang";2020.0;IEEE
Digital Twins for Sustainable Software Systems;2023 IEEE/ACM 7th International Workshop on Green And Sustainable Software (GREENS);"M. Heithoff; A. Hellwig; J. Michael; B. Rumpe";2023.0;IEEE
DTformer: An Efficient Digital Twin Model for Loss Measurement in UHVDC Transmission Systems;IEEE Transactions on Power Systems;"Sun Y.; Shi Y.; Hu Q.; Xie C.; Su T.";2023;Institute of Electrical and Electronics Engineers Inc.
Dynamic design method of digital twin process model driven by knowledge-evolution machining features;International Journal of Production Research;"Liu J.; Zhao P.; Jing X.; Cao X.; Sheng S.; Zhou H.; Liu X.; Feng F.";2022;Taylor and Francis Ltd.
Dynamic design method of digital twin process model driven by knowledge-evolution machining features;INTERNATIONAL JOURNAL OF PRODUCTION RESEARCH;"Liu, JF; Zhao, P; Jing, XW; Cao, XW; Sheng, SS; Zhou, HG; Liu, XJ; Feng, F";;
Dynamic Runtime Integration of New Models in Digital Twins;2023 IEEE/ACM 18th Symposium on Software Engineering for Adaptive and Self-Managing Systems (SEAMS);"H. Ejersbo; K. Lausdahl; M. Frasheri; L. Esterle";2023.0;IEEE
EMF-Syncer: scalable maintenance of view models over heterogeneous data-centric software systems at run time;SOFTWARE AND SYSTEMS MODELING;Boronat, A;;
Enabling Semantic Interoperability of Asset Administration Shells through an Ontology-Based Modeling Method;Proceedings of the 25th International Conference on Model Driven Engineering Languages and Systems: Companion Proceedings;Huang Y,Dhouib S,Medinacelli LP,Malenfant J;2022;ACM
Enabling Semantic Interoperability of Asset Administration Shells through an Ontology-Based Modeling Method;Proceedings of the 25th International Conference on Model Driven Engineering Languages and Systems: Companion Proceedings;Huang Y,Dhouib S,Medinacelli LP,Malenfant J;2022.0;ACM
Ensuring consistency in scalable-detail models for DT-based control;IFAC-PapersOnLine;"Cimino C.; Leva A.; Ferretti G.";2021;Elsevier B.V.
Ensuring consistency in scalable-detail models for DT-based control;IFAC PAPERSONLINE;"Cimino, C; Leva, A; Ferretti, G";;
Generating customized low-code development platforms for digital twins;Journal of Computer Languages;"Dalibor M.; Heithoff M.; Michael J.; Netz L.; Pfeiffer J.; Rumpe B.; Varga S.; Wortmann A.";2022;Elsevier Ltd
Generating customized low-code development platforms for digital twins;JOURNAL OF COMPUTER LANGUAGES;"Dalibor, M; Heithoff, M; Michael, J; Netz, L; Pfeiffer, J; Rumpe, B; Varga, S; Wortmann, A";;
Generating Digital Twin Cockpits for Parameter Management in the Engineering of Wind Turbines;Lecture Notes in Informatics (LNI), Proceedings - Series of the Gesellschaft fur Informatik (GI);"Michael J.; Nachmann I.; Netz L.; Rumpe B.; St¸ber S.";2022;Gesellschaft fur Informatik (GI)
Generative and Model-driven SDK development for the Industrie 4.0 Digital Twin;2021 26th IEEE International Conference on Emerging Technologies and Factory Automation (ETFA );"N. Braunisch; M. Ristin-Kaufmann; R. Lehmann; H. W. van de Venn";2021;IEEE
Generative and Model-driven SDK development for the Industrie 4.0 Digital Twin;IEEE International Conference on Emerging Technologies and Factory Automation, ETFA;"Braunisch N.; Ristin-Kaufmann M.; Lehmann R.; Van De Venn H.W.";2021;Institute of Electrical and Electronics Engineers Inc.
Generative and Model-driven SDK development for the Industrie 4.0 Digital Twin;2021 26th IEEE International Conference on Emerging Technologies and Factory Automation (ETFA );"N. Braunisch; M. Ristin-Kaufmann; R. Lehmann; H. W. van de Venn";2021.0;IEEE
Generative and Model-driven SDK development for the Industrie 4.0 Digital Twin;2021 26TH IEEE INTERNATIONAL CONFERENCE ON EMERGING TECHNOLOGIES AND FACTORY AUTOMATION (ETFA);"Braunisch, N; Ristin-Kaufmann, M; Lehmann, R; Van de Venn, HW";;
GRuM-A flexible model-driven runtime monitoring framework and its application to automated aerial and ground vehicles;JOURNAL OF SYSTEMS AND SOFTWARE;"Vierhauser, M; Garmendia, A; Stadler, M; Wimmer, M; Cleland-Huang, J";;
Holistic Network Virtualization and Pervasive Network Intelligence for 6G;IEEE Communications Surveys & Tutorials;"X. Shen; J. Gao; W. Wu; M. Li; C. Zhou; W. Zhuang";2022;IEEE
Holistic Network Virtualization and Pervasive Network Intelligence for 6G;IEEE Communications Surveys and Tutorials;"Shen X.; Gao J.; Wu W.; Li M.; Zhou C.; Zhuang W.";2022;Institute of Electrical and Electronics Engineers Inc.
Holistic Network Virtualization and Pervasive Network Intelligence for 6G;IEEE Communications Surveys & Tutorials;"X. Shen; J. Gao; W. Wu; M. Li; C. Zhou; W. Zhuang";2022.0;IEEE
Holistic Network Virtualization and Pervasive Network Intelligence for 6G;IEEE COMMUNICATIONS SURVEYS AND TUTORIALS;"Shen, XM; Gao, J; Wu, W; Li, MS; Zhou, CH; Zhuang, WH";;
How Alike Are My Physical and Digital Twins?;Proceedings of the 25th International Conference on Model Driven Engineering Languages and Systems: Companion Proceedings;MuÒoz P;2022;ACM
How Alike Are My Physical and Digital Twins?;Proceedings of the 25th International Conference on Model Driven Engineering Languages and Systems: Companion Proceedings;Mu§oz P;2022.0;ACM
Implementation of Model-driven Complex System Engineering Development System;2018 INTERNATIONAL CONFERENCE ON ELECTRICAL, CONTROL, AUTOMATION AND ROBOTICS (ECAR 2018);"Cheng, Y; Huang, XL; Xu, YH";;
Improved Electric Vehicle Digital Twin Performance Incorporating Detailed Lithium-ion Battery Model;2022 IEEE International Conference on Electronics, Computing and Communication Technologies (CONECCT);"A. Sahoo; S. Sahithi; J. Channegowda";2022;IEEE
Improved Electric Vehicle Digital Twin Performance Incorporating Detailed Lithium-ion Battery Model;2022 IEEE International Conference on Electronics, Computing and Communication Technologies (CONECCT);"A. Sahoo; S. Sahithi; J. Channegowda";2022.0;IEEE
Improving digital twin experience reports;MODELSWARD 2021 - Proceedings of the 9th International Conference on Model-Driven Engineering and Software Development;"Oakes B.J.; Parsai A.; Van Mierlo S.; Demeyer S.; Denil J.; De Meulenaere P.; Vangheluwe H.";2021;SciTePress
Improving Digital Twin Experience Reports;PROCEEDINGS OF THE 9TH INTERNATIONAL CONFERENCE ON MODEL-DRIVEN ENGINEERING AND SOFTWARE DEVELOPMENT (MODELSWARD);"Oakes, BJ; Parsai, A; Van Mierlo, S; Demeyer, S; Denil, J; De Meulenaere, P; Vangheluwe, H";;
Inference of Simulation Models in Digital Twins by Reinforcement Learning;2021 ACM/IEEE International Conference on Model Driven Engineering Languages and Systems Companion (MODELS-C);"I. David; J. Galasso; E. Syriani";2021;IEEE
Inference of Simulation Models in Digital Twins by Reinforcement Learning;Companion Proceedings - 24th International Conference on Model-Driven Engineering Languages and Systems, MODELS-C 2021;"David I.; Galasso J.; Syriani E.";2021;Institute of Electrical and Electronics Engineers Inc.
Inference of Simulation Models in Digital Twins by Reinforcement Learning;2021 ACM/IEEE International Conference on Model Driven Engineering Languages and Systems Companion (MODELS-C);"I. David; J. Galasso; E. Syriani";2021.0;IEEE
Inference of Simulation Models in Digital Twins by Reinforcement Learning;24TH ACM/IEEE INTERNATIONAL CONFERENCE ON MODEL-DRIVEN ENGINEERING LANGUAGES AND SYSTEMS COMPANION (MODELS-C 2021);"David, I; Galasso, J; Syriani, E";;
Integration Challenges for Digital Twin Systems-of-Systems;2022 IEEE/ACM 10th International Workshop on Software Engineering for Systems-of-Systems and Software Ecosystems (SESoS);"J. Michael; J. Pfeiffer; B. Rumpe; A. Wortmann";2022;IEEE
Integration Challenges for Digital Twin Systems-of-Systems;Proceedings - 10th IEEE/ACM International Workshop on Software Engineering for Systems-of-Systems and Software Ecosystems, SESoS 2022;"Michael J.; Pfeiffer J.; Rumpe B.; Wortmann A.";2022;Institute of Electrical and Electronics Engineers Inc.
Integration Challenges for Digital Twin Systems-of-Systems;2022 IEEE/ACM 10th International Workshop on Software Engineering for Systems-of-Systems and Software Ecosystems (SESoS);"J. Michael; J. Pfeiffer; B. Rumpe; A. Wortmann";2022.0;IEEE
Integration Challenges for Digital Twin Systems-of-Systems;10TH IEEE/ACM INTERNATIONAL WORKSHOP ON SOFTWARE ENGINEERING FOR SYSTEMS-OF-SYSTEMS AND SOFTWARE ECOSYSTEMS (SESOS 2022);"Michael, J; Pfeiffer, J; Rumpe, B; Wortmann, A";;
Integration of SysML Models in a 3D Environment for Virtual Testing and Validation;Proceedings of the Federated Africa and Middle East Conference on Software Engineering;Barosan I,van der Heijden J;2022;ACM
Integration of SysML Models in a 3D Environment for Virtual Testing and Validation;Proceedings of the Federated Africa and Middle East Conference on Software Engineering;Barosan I,van der Heijden J;2022.0;ACM
Interactive Smart Space for Single-Person Households Using Electroencephalogram through Fusion of Digital Twin and Artificial Intelligence;ENERGIES;Ji, SY;;
Interface Development for Digital Twin of an Electric Motor Based on Empirical Performance Model;IEEE Access;"A. Rassılkin; V. Rjabtöikov; V. Kuts; T. Vaimann; A. Kallaste; B. Asad; A. Partyshev";2022;IEEE
Interface Development for Digital Twin of an Electric Motor Based on Empirical Performance Model;IEEE Access;"Rassolkin A.; Rjabtsikov V.; Kuts V.; Vaimann T.; Kallaste A.; Asad B.; Partyshev A.";2022;Institute of Electrical and Electronics Engineers Inc.
Interface Development for Digital Twin of an Electric Motor Based on Empirical Performance Model;IEEE Access;"A. Rass‰lkin; V. Rjabt?ikov; V. Kuts; T. Vaimann; A. Kallaste; B. Asad; A. Partyshev";2022.0;IEEE
Interface Development for Digital Twin of an Electric Motor Based on Empirical Performance Model;IEEE ACCESS;"Rassolkin, A; Rjabtsikov, V; Kuts, V; Vaimann, T; Kallaste, A; Asad, B; Partyshev, A";;
Interface Management with Closed-Loop Systems Engineering (CLOSE);2018 IEEE International Systems Engineering Symposium (ISSE);"M. Di Maio; L. Atorf; U. Dahmen; M. Schluse; J. Rossmann; M. Hoppe; G. -D. Kapos";2018;IEEE
Interface Management with Closed-Loop Systems Engineering (CLOSE);4th IEEE International Symposium on Systems Engineering, ISSE 2018 - Proceedings;"Di Maio M.; Atorf L.; Dahmen U.; Schluse M.; Rossmann J.; Hoppe M.; Kapos G.-D.";2018;Institute of Electrical and Electronics Engineers Inc.
Interface Management with Closed-Loop Systems Engineering (CLOSE);2018 IEEE International Systems Engineering Symposium (ISSE);"M. Di Maio; L. Atorf; U. Dahmen; M. Schluse; J. Rossmann; M. Hoppe; G. -D. Kapos";2018.0;IEEE
Knowledge driven rapid development of white box digital twins for industrial plant systems;IECON 2021 ñ 47th Annual Conference of the IEEE Industrial Electronics Society;"A. B.; S. R.C.; B. B.; R. Dhakshinamoorthy; S. A.; N. S.";2021;IEEE
Knowledge driven rapid development of white box digital twins for industrial plant systems;IECON 2021 ? 47th Annual Conference of the IEEE Industrial Electronics Society;"A. B.; S. R.C.; B. B.; R. Dhakshinamoorthy; S. A.; N. S.";2021.0;IEEE
Knowledge driven rapid development of white box digital twins for industrial plant systems;IECON 2021 - 47TH ANNUAL CONFERENCE OF THE IEEE INDUSTRIAL ELECTRONICS SOCIETY;"Amar, B; Subhrojyoti, RC; Barnali, B; Dhakshinamoorthy, R; Seenivasan, A; Naveenkumar, S";;
Learning to Predict and Optimize Imperfect MIMO System Performance: Framework and Application;GLOBECOM 2022 - 2022 IEEE Global Communications Conference;"J. Su; F. Meng; S. Liu; Y. Huang; Z. Lu";2022;IEEE
Learning to Predict and Optimize Imperfect MIMO System Performance: Framework and Application;2022 IEEE Global Communications Conference, GLOBECOM 2022 - Proceedings;"Su J.; Meng F.; Liu S.; Huang Y.; Lu Z.";2022;Institute of Electrical and Electronics Engineers Inc.
Learning to Predict and Optimize Imperfect MIMO System Performance: Framework and Application;GLOBECOM 2022 - 2022 IEEE Global Communications Conference;"J. Su; F. Meng; S. Liu; Y. Huang; Z. Lu";2022.0;IEEE
Learning to Predict and Optimize Imperfect MIMO System Performance: Framework and Application;2022 IEEE GLOBAL COMMUNICATIONS CONFERENCE (GLOBECOM 2022);"Su, JY; Meng, F; Liu, SH; Huang, YM; Lu, ZH";;
Measuring the Fidelity of Digital Twin Systems;Proceedings of the 25th International Conference on Model Driven Engineering Languages and Systems: Companion Proceedings;MuÒoz P;2022;ACM
Measuring the Fidelity of Digital Twin Systems;Proceedings of the 25th International Conference on Model Driven Engineering Languages and Systems: Companion Proceedings;Mu§oz P;2022.0;ACM
Meta-model-based shop-floor digital twin architecture, modeling and application;Robotics and Computer-Integrated Manufacturing;"Yang X.; Liu X.; Zhang H.; Fu L.; Yu Y.";2023;Elsevier Ltd
Meta-model-based shop-floor digital twin architecture, modeling and application;ROBOTICS AND COMPUTER-INTEGRATED MANUFACTURING;"Yang, XL; Liu, XM; Zhang, H; Fu, L; Yu, YB";;
MoDDiT 2021: 1st International Workshop on Model-Driven Engineering for Digital Twins;2021 ACM/IEEE International Conference on Model Driven Engineering Languages and Systems Companion (MODELS-C);"F. Bordeleau; L. Cleophas; B. Combemale; R. Eramo; M. Van Den Brand; M. Wimmer; A. Wortmann";2021;IEEE
MoDDiT 2021: 1st International Workshop on Model-Driven Engineering for Digital Twins;2021 ACM/IEEE International Conference on Model Driven Engineering Languages and Systems Companion (MODELS-C);"F. Bordeleau; L. Cleophas; B. Combemale; R. Eramo; M. Van Den Brand; M. Wimmer; A. Wortmann";2021.0;IEEE
MoDDiT 2021: 1st International Workshop on Model-Driven Engineering for Digital Twins;24TH ACM/IEEE INTERNATIONAL CONFERENCE ON MODEL-DRIVEN ENGINEERING LANGUAGES AND SYSTEMS COMPANION (MODELS-C 2021);"Bordeleau, F; Cleophas, L; Combemale, B; Eramo, R; van den Brand, M; Wimmer, M; Wortmann, A";;
MoDDiT 2021: 1stInternational Workshop on Model-Driven Engineering for Digital Twins;Companion Proceedings - 24th International Conference on Model-Driven Engineering Languages and Systems, MODELS-C 2021;"Bordeleau F.; Cleophas L.; Combemale B.; Eramo R.; Van Den Brand M.; Wimmer M.; Wortmann A.";2021;Institute of Electrical and Electronics Engineers Inc.
Model-Driven Development of a Digital Twin for Injection Molding;Lecture Notes in Computer Science (including subseries Lecture Notes in Artificial Intelligence and Lecture Notes in Bioinformatics);"Bibow P.; Dalibor M.; Hopmann C.; Mainz B.; Rumpe B.; Schmalzing D.; Schmitz M.; Wortmann A.";2020;Springer
Model-Driven Development of a Digital Twin for Injection Molding;ADVANCED INFORMATION SYSTEMS ENGINEERING, CAISE 2020;"Bibow, P; Dalibor, M; Hopmann, C; Mainz, B; Rumpe, B; Schmalzing, D; Schmitz, M; Wortmann, A";;
Model-Driven Development of Digital Twins for Supervision and Simulation of Sensor-and-Actuator Networks (Extended Abstract);CEUR Workshop Proceedings;"Pichot G.; Rocheteau J.; AttiogbÈ C.";2022;CEUR-WS
Model-Driven Digital Twin Construction: Synthesizing the Integration of Cyber-Physical Systems with Their Information Systems;Proceedings of the 23rd ACM/IEEE International Conference on Model Driven Engineering Languages and Systems;Kirchhof JC,Michael J,Rumpe B,Varga S,Wortmann A;2020;ACM
Model-Driven Digital Twin Construction: Synthesizing the Integration of Cyber-Physical Systems with Their Information Systems;Proceedings of the 23rd ACM/IEEE International Conference on Model Driven Engineering Languages and Systems;Kirchhof JC,Michael J,Rumpe B,Varga S,Wortmann A;2020.0;ACM
Model-driven engineering city spaces via bidirectional model transformations;Software and Systems Modeling;"Visconti E.; Tsigkanos C.; Hu Z.; Ghezzi C.";2021;Springer Science and Business Media Deutschland GmbH
Model-driven engineering city spaces via bidirectional model transformations;SOFTWARE AND SYSTEMS MODELING;"Visconti, E; Tsigkanos, C; Hu, ZJ; Ghezzi, C";;
Model-Driven Engineering in Digital Thread Platforms: A Practical Use Case and Future Challenges;Lecture Notes in Computer Science (including subseries Lecture Notes in Artificial Intelligence and Lecture Notes in Bioinformatics);"Chaudhary H.A.A.; Guevara I.; John J.; Singh A.; Ghosal A.; Pesch D.; Margaria T.";2022;Springer Science and Business Media Deutschland GmbH
Models Meet Data: Challenges to Create Virtual Entities for Digital Twins;2021 ACM/IEEE International Conference on Model Driven Engineering Languages and Systems Companion (MODELS-C);"M. Van Den Brand; L. Cleophas; R. Gunasekaran; B. Haverkort; D. A. M. Negrin; H. M. Muctadir";2021;IEEE
Models Meet Data: Challenges to Create Virtual Entities for Digital Twins;Companion Proceedings - 24th International Conference on Model-Driven Engineering Languages and Systems, MODELS-C 2021;"Van Den Brand M.; Cleophas L.; Gunasekaran R.; Haverkort B.; Negrin D.A.M.; Muctadir H.M.";2021;Institute of Electrical and Electronics Engineers Inc.
Models Meet Data: Challenges to Create Virtual Entities for Digital Twins;2021 ACM/IEEE International Conference on Model Driven Engineering Languages and Systems Companion (MODELS-C);"M. Van Den Brand; L. Cleophas; R. Gunasekaran; B. Haverkort; D. A. M. Negrin; H. M. Muctadir";2021.0;IEEE
Models Meet Data: Challenges to Create Virtual Entities for Digital Twins;24TH ACM/IEEE INTERNATIONAL CONFERENCE ON MODEL-DRIVEN ENGINEERING LANGUAGES AND SYSTEMS COMPANION (MODELS-C 2021);"van den Brand, M; Cleophas, L; Gunasekaran, R; Haverkort, B; Negrin, DAM; Muctadir, HM";;
Modular Fault Ascription and Corrective Maintenance Using a Digital Twin;;"Vathoopan M.; Johny M.; Zoitl A.; Knoll A.";2018;Elsevier B.V.
Modular Fault Ascription and Corrective Maintenance Using a Digital Twin;IFAC PAPERSONLINE;"Vathoopan, M; Johny, M; Zoitl, A; Knoll, A";;
Multisource Model-Driven Digital Twin System of Robotic Assembly;IEEE Systems Journal;"X. Li; B. He; Y. Zhou; G. Li";2021;IEEE
Multisource Model-Driven Digital Twin System of Robotic Assembly;IEEE Systems Journal;"Li X.; He B.; Zhou Y.; Li G.";2021;Institute of Electrical and Electronics Engineers Inc.
Multisource Model-Driven Digital Twin System of Robotic Assembly;IEEE Systems Journal;"X. Li; B. He; Y. Zhou; G. Li";2021.0;IEEE
Multisource Model-Driven Digital Twin System of Robotic Assembly;IEEE SYSTEMS JOURNAL;"Li, X; He, B; Zhou, YM; Li, G";;
On the Engineering of IoT-Intensive Digital Twin Software Systems;Proceedings of the IEEE/ACM 42nd International Conference on Software Engineering Workshops;Rivera LF,M¸ller HA,Villegas NM,Tamura G,JimÈnez M;2020;ACM
On the Engineering of IoT-Intensive Digital Twin Software Systems;Proceedings of the IEEE/ACM 42nd International Conference on Software Engineering Workshops;Rivera LF,MÅller HA,Villegas NM,Tamura G,JimÇnez M;2020.0;ACM
On the Notion of Digital Twins: A Modeling Perspective;SYSTEMS;Tekinerdogan, B;;
Performance Evaluation: Model-Driven or Problem-Driven?;Lecture Notes in Computer Science (including subseries Lecture Notes in Artificial Intelligence and Lecture Notes in Bioinformatics);Haverkort B.R.;2021;Springer Science and Business Media Deutschland GmbH
Performance Evaluation: Model-Driven or Problem-Driven?;QUANTITATIVE EVALUATION OF SYSTEMS (QEST 2021);Haverkort, BR;;
Potential and limitations of digital twins to achieve the Sustainable Development Goals;NATURE SUSTAINABILITY;"Tzachor, A; Sabri, S; Richards, CE; Rajabifard, A; Acuto, M";;
Prediction Study of the Heavy Vehicle Driving State Based on Digital Twin Model;2021 IEEE International Conference on Power Electronics, Computer Applications (ICPECA);"J. Liu; Y. Dong; Y. Liu; P. Li; S. Liu; T. Wang";2021;IEEE
Prediction Study of the Heavy Vehicle Driving State Based on Digital Twin Model;2021 IEEE International Conference on Power Electronics, Computer Applications (ICPECA);"J. Liu; Y. Dong; Y. Liu; P. Li; S. Liu; T. Wang";2021.0;IEEE
Preface of the 15th International Workshop on Models@run.time?21;2021 ACM/IEEE International Conference on Model Driven Engineering Languages and Systems Companion (MODELS-C);"S. Gîtz; A. Bucchiarone; N. Bencomo";2021.0;IEEE
Preface of the 15th International Workshop on Models@run.timeí21;2021 ACM/IEEE International Conference on Model Driven Engineering Languages and Systems Companion (MODELS-C);"S. Gˆtz; A. Bucchiarone; N. Bencomo";2021;IEEE
Preface of the 15th International Workshop on Models@run.time'21;Companion Proceedings - 24th International Conference on Model-Driven Engineering Languages and Systems, MODELS-C 2021;"Gotz S.; Bucchiarone A.; Bencomo N.";2021;Institute of Electrical and Electronics Engineers Inc.
Preface of the 15th International Workshop on Models@run.time'21;24TH ACM/IEEE INTERNATIONAL CONFERENCE ON MODEL-DRIVEN ENGINEERING LANGUAGES AND SYSTEMS COMPANION (MODELS-C 2021);"Gotz, S; Bucchiarone, A; Bencomo, N";;
Process Prediction with Digital Twins;2021 ACM/IEEE International Conference on Model Driven Engineering Languages and Systems Companion (MODELS-C);"T. Brockhoff; M. Heithoff; I. Koren; J. Michael; J. Pfeiffer; B. Rumpe; M. S. Uysal; W. M. P. Van Der Aalst; A. Wortmann";2021;IEEE
Process Prediction with Digital Twins;Companion Proceedings - 24th International Conference on Model-Driven Engineering Languages and Systems, MODELS-C 2021;"Brockhoff T.; Heithoff M.; Koren I.; Michael J.; Pfeiffer J.; Rumpe B.; Uysal M.S.; Van Der Aalst W.M.P.; Wortmann A.";2021;Institute of Electrical and Electronics Engineers Inc.
Process Prediction with Digital Twins;2021 ACM/IEEE International Conference on Model Driven Engineering Languages and Systems Companion (MODELS-C);"T. Brockhoff; M. Heithoff; I. Koren; J. Michael; J. Pfeiffer; B. Rumpe; M. S. Uysal; W. M. P. Van Der Aalst; A. Wortmann";2021.0;IEEE
Process Prediction with Digital Twins;24TH ACM/IEEE INTERNATIONAL CONFERENCE ON MODEL-DRIVEN ENGINEERING LANGUAGES AND SYSTEMS COMPANION (MODELS-C 2021);"Brockhoff, T; Heithoff, M; Koren, I; Michael, J; Pfeiffer, J; Rumpe, B; Uysal, MS; Van der Aalst, WMP; Wortmann, A";;
Proof of Concept for a Roundtrip Engineering IS for the New Enterprise in the Industry 4.0 Era;2022 24th International Symposium on Symbolic and Numeric Algorithms for Scientific Computing (SYNASC);"A. Chi?; A. -M. Ghiran; R. A. Buchmann";2022;IEEE
Proof of Concept for a Roundtrip Engineering IS for the New Enterprise in the Industry 4.0 Era;2022 24th International Symposium on Symbolic and Numeric Algorithms for Scientific Computing (SYNASC);"A. Chi?; A. -M. Ghiran; R. A. Buchmann";2022.0;IEEE
Real Time Electrical Transient Analyzer Program (ETAP RT) Improvement for Gas Processing & Utilities (GPU) plant, PETRONAS Gas Berhad;2022 International Conference on Future Trends in Smart Communities (ICFTSC);"N. M. F. B. Nordzi; I. A. B. C. A. Rahman; I. M. H. K. Baharaini; I. M. R. B. M. Tahir";2022;IEEE
Real Time Electrical Transient Analyzer Program (ETAP RT) Improvement for Gas Processing & Utilities (GPU) plant, PETRONAS Gas Berhad;2022 International Conference on Future Trends in Smart Communities, ICFTSC 2022;"Nordzi N.M.F.B.; Rahman I.A.B.C.A.; Baharaini I.M.H.K.; Tahir I.M.R.B.M.";2022;Institute of Electrical and Electronics Engineers Inc.
Real Time Electrical Transient Analyzer Program (ETAP RT) Improvement for Gas Processing & Utilities (GPU) plant, PETRONAS Gas Berhad;2022 International Conference on Future Trends in Smart Communities (ICFTSC);"N. M. F. B. Nordzi; I. A. B. C. A. Rahman; I. M. H. K. Baharaini; I. M. R. B. M. Tahir";2022.0;IEEE
Reliable Counterparts: Efficiently Testing Causal Relationships in Digital Twins;Proceedings of the 25th International Conference on Model Driven Engineering Languages and Systems: Companion Proceedings;Somers RJ,Clark AG,Walkinshaw N,Hierons RM;2022.0;ACM
Research on Modeling Method of System Reliability Digital Twin;2021 2nd International Conference on Electronics, Communications and Information Technology (CECIT);"H. Yang; Z. Lai; Y. Liu; N. Hu; B. Diao; Y. Pan";2021;IEEE
Research on Modeling Method of System Reliability Digital Twin;Proceedings - 2021 2nd International Conference on Electronics, Communications and Information Technology, CECIT 2021;"Yang H.; Lai Z.; Liu Y.; Hu N.; Diao B.; Pan Y.";2021;Institute of Electrical and Electronics Engineers Inc.
Research on Modeling Method of System Reliability Digital Twin;2021 2nd International Conference on Electronics, Communications and Information Technology (CECIT);"H. Yang; Z. Lai; Y. Liu; N. Hu; B. Diao; Y. Pan";2021.0;IEEE
Semantic digital twins for organizational development;CEUR Workshop Proceedings;"DiÈz A.; De Lara J.";2021;CEUR-WS
Semantic Interoperability of Digital Twins: Ontology-based Capability Checking in AAS Modeling Framework;2023 IEEE 6th International Conference on Industrial Cyber-Physical Systems (ICPS);"Y. Huang; S. Dhouib; L. P. Medinacelli; J. Malenfant";2023;IEEE
Semantic Interoperability of Digital Twins: Ontology-based Capability Checking in AAS Modeling Framework;2023 IEEE 6th International Conference on Industrial Cyber-Physical Systems (ICPS);"Y. Huang; S. Dhouib; L. P. Medinacelli; J. Malenfant";2023.0;IEEE
Simulation-Based Engineering of Heterogeneous Collaborative Systems-A Novel Conceptual Framework;SUSTAINABILITY;"Perisic, A; Perisic, I; Perisic, B";;
Supporting Digital Twins for the Retrofit in Aviation by a Model-Driven Data Handling;SYSTEMS;"Laukotka, FN; Krause, D";;
The Framework for Designing Autonomous Cyber-Physical Multi-agent Systems for Adaptive Resource Management;Lecture Notes in Computer Science (including subseries Lecture Notes in Artificial Intelligence and Lecture Notes in Bioinformatics);"Gorodetsky V.I.; Kozhevnikov S.S.; Novichkov D.; Skobelev P.O.";2019;Springer
The Framework for Designing Autonomous Cyber-Physical Multi-agent Systems for Adaptive Resource Management;INDUSTRIAL APPLICATIONS OF HOLONIC AND MULTI-AGENT SYSTEMS (HOLOMAS 2019);"Gorodetsky, VI; Kozhevnikov, SS; Novichkov, D; Skobelev, PO";;
The OMiLAB Digital Innovation environment: Agile conceptual models to bridge business value with Digital and Physical Twins for Product-Service Systems development;Computers in Industry;"Karagiannis D.; Buchmann R.A.; Utz W.";2022;Elsevier B.V.
The OMiLAB Digital Innovation environment: Agile conceptual models to bridge business value with Digital and Physical Twins for Product-Service Systems development;COMPUTERS IN INDUSTRY;"Karagiannis, D; Buchmann, RA; Utz, W";;
The Research of Aero-engine Digital Twin Model Based on Model-driven and Data-driven Fusion Method;2021 IEEE 10th Data Driven Control and Learning Systems Conference (DDCLS);"K. Liu; P. Wang; Q. Li";2021;IEEE
The Research of Aero-engine Digital Twin Model Based on Model-driven and Data-driven Fusion Method;2021 IEEE 10th Data Driven Control and Learning Systems Conference (DDCLS);"K. Liu; P. Wang; Q. Li";2021.0;IEEE
The Research of Aero-engine Digital Twin Model Based on Model-driven and Data-driven Fusion Method??National Science and Technology Major Project (2017-I-0003-0003);Proceedings of 2021 IEEE 10th Data Driven Control and Learning Systems Conference, DDCLS 2021;"Liu K.; Wang P.; Li Q.";2021;Institute of Electrical and Electronics Engineers Inc.
The THREAT-ARREST Cyber Range Platform;2021 IEEE International Conference on Cyber Security and Resilience (CSR);"G. Hatzivasilis; S. Ioannidis; M. Smyrlis; G. Spanoudakis; F. Frati; C. Braghin; E. Damiani; H. Koshutanski; G. Tsakirakis; T. Hildebrandt; L. Goeke; S. Pape; O. Blinder; M. Vinov; G. Leftheriotis; M. Kunc; F. Oikonomou; G. Magilo; V. Petrarolo; A. Chieti; R. Bordianu";2021;IEEE
The THREAT-ARREST cyber range platform;Proceedings of the 2021 IEEE International Conference on Cyber Security and Resilience, CSR 2021;"Hatzivasilis G.; Ioannidis S.; Smyrlis M.; Spanoudakis G.; Frati F.; Braghin C.; Damiani E.; Koshutanski H.; Tsakirakis G.; Hildebrandt T.; Goeke L.; Pape S.; Blinder O.; Vinov M.; Leftheriotis G.; Kunc M.; Oikonomou F.; Magilo G.; Petrarolo V.; Chieti A.; Bordianu R.";2021;Institute of Electrical and Electronics Engineers Inc.
The THREAT-ARREST Cyber Range Platform;2021 IEEE International Conference on Cyber Security and Resilience (CSR);"G. Hatzivasilis; S. Ioannidis; M. Smyrlis; G. Spanoudakis; F. Frati; C. Braghin; E. Damiani; H. Koshutanski; G. Tsakirakis; T. Hildebrandt; L. Goeke; S. Pape; O. Blinder; M. Vinov; G. Leftheriotis; M. Kunc; F. Oikonomou; G. Magilo; V. Petrarolo; A. Chieti; R. Bordianu";2021.0;IEEE
The THREAT-ARREST Cyber Range Platform;PROCEEDINGS OF THE 2021 IEEE INTERNATIONAL CONFERENCE ON CYBER SECURITY AND RESILIENCE (IEEE CSR);"Hatzivasilis, G; Ioannidis, S; Smyrlis, M; Spanoudakis, G; Frati, F; Braghin, C; Damiani, E; Koshutanski, H; Tsakirakis, G; Hildebrandt, T; Goeke, L; Pape, S; Blinder, O; Vinov, M; Leftheriotis, G; Kunc, M; Oikonomou, F; Magilo, G; Petrarolo, V; Chieti, A; Bordianu, R";;
Towards a Digital Twin for Cyber-Physical Production Systems: A Multi-Paradigm Modeling Approach in the Postal Industry;Proceedings of the 23rd ACM/IEEE International Conference on Model Driven Engineering Languages and Systems: Companion Proceedings;Niati A,Selma C,Tamzalit D,Bruneliere H,Mebarki N,Cardin O;2020;ACM
Towards a Digital Twin for Cyber-Physical Production Systems: A Multi-Paradigm Modeling Approach in the Postal Industry;Proceedings of the 23rd ACM/IEEE International Conference on Model Driven Engineering Languages and Systems: Companion Proceedings;Niati A,Selma C,Tamzalit D,Bruneliere H,Mebarki N,Cardin O;2020.0;ACM
Towards a Model-Driven Architecture for Interactive Digital Twin Cockpits;Lecture Notes in Computer Science (including subseries Lecture Notes in Artificial Intelligence and Lecture Notes in Bioinformatics);"Dalibor M.; Michael J.; Rumpe B.; Varga S.; Wortmann A.";2020;Springer Science and Business Media Deutschland GmbH
Towards a Model-Driven Architecture for Interactive Digital Twin Cockpits;CONCEPTUAL MODELING, ER 2020;"Dalibor, M; Michael, J; Rumpe, B; Varga, S; Wortmann, A";;
Towards a Reference Architecture for Leveraging Model Repositories for Digital Twins;2020 25th IEEE International Conference on Emerging Technologies and Factory Automation (ETFA);"D. Lehner; S. Wolny; A. Mazak-Huemer; M. Wimmer";2020;IEEE
Towards a Reference Architecture for Leveraging Model Repositories for Digital Twins;IEEE International Conference on Emerging Technologies and Factory Automation, ETFA;"Lehner D.; Wolny S.; Mazak-Huemer A.; Wimmer M.";2020;Institute of Electrical and Electronics Engineers Inc.
Towards a Reference Architecture for Leveraging Model Repositories for Digital Twins;2020 25th IEEE International Conference on Emerging Technologies and Factory Automation (ETFA);"D. Lehner; S. Wolny; A. Mazak-Huemer; M. Wimmer";2020.0;IEEE
Towards a Reference Architecture for Leveraging Model Repositories for Digital Twins;2020 25TH IEEE INTERNATIONAL CONFERENCE ON EMERGING TECHNOLOGIES AND FACTORY AUTOMATION (ETFA);"Lehner, D; Wolny, S; Mazak-Huemer, A; Wimmer, M";;
Towards Development Platforms for Digital Twins: A Model-Driven Low-Code Approach;IFIP Advances in Information and Communication Technology;"Michael J.; Wortmann A.";2021;Springer Science and Business Media Deutschland GmbH
Towards Development Platforms for Digital Twins: A Model-Driven Low-Code Approach;ADVANCES IN PRODUCTION MANAGEMENT SYSTEMS: ARTIFICIAL INTELLIGENCE FOR SUSTAINABLE AND RESILIENT PRODUCTION SYSTEMS, APMS 2021, PT I;"Michael, J; Wortmann, A";;
Towards Engineering Digital Twins by Active Behaviour Mining;Lecture Notes in Computer Science (including subseries Lecture Notes in Artificial Intelligence and Lecture Notes in Bioinformatics);"Margaria T.; Schieweck A.";2021;Springer Science and Business Media Deutschland GmbH
Towards Model-Driven Digital Twin Engineering: Current Opportunities and Future Challenges;Communications in Computer and Information Science;"Bordeleau F.; Combemale B.; Eramo R.; van den Brand M.; Wimmer M.";2020;Springer Science and Business Media Deutschland GmbH
Towards Reactive Planning with Digital Twins and Model-Driven Optimization;Lecture Notes in Computer Science (including subseries Lecture Notes in Artificial Intelligence and Lecture Notes in Bioinformatics);"Eisenberg M.; Lehner D.; Sindelar R.; Wimmer M.";2022;Springer Science and Business Media Deutschland GmbH
Twin Process Model Driven Machining Quality Optimization for Complex Parts;2021 International Conference on Digital Society and Intelligent Systems (DSInS);"J. Li; G. Zhou; C. Zhang";2021;IEEE
Twin Process Model Driven Machining Quality Optimization for Complex Parts;2021 International Conference on Digital Society and Intelligent Systems, DSInS 2021;"Li J.; Zhou G.; Zhang C.";2021;Institute of Electrical and Electronics Engineers Inc.
Twin Process Model Driven Machining Quality Optimization for Complex Parts;2021 International Conference on Digital Society and Intelligent Systems (DSInS);"J. Li; G. Zhou; C. Zhang";2021.0;IEEE
TwinOps - DevOps Meets Model-Based Engineering and Digital Twins for the Engineering of CPS;Proceedings of the 23rd ACM/IEEE International Conference on Model Driven Engineering Languages and Systems: Companion Proceedings;Hugues J,Hristosov A,Hudak JJ,Yankel J;2020.0;ACM
UAV-Assisted Three-Dimensional Spectrum Mapping Driven by Spectrum Data and Channel Model;SYMMETRY-BASEL;"Du, XF; Zhu, QM; Ding, GR; Li, J; Wu, QH; Lan, TX; Lin, ZP; Zhong, WZ; Han, L";;
Understanding and Improving Model-Driven IoT Systems through Accompanying Digital Twins;Proceedings of the 20th ACM SIGPLAN International Conference on Generative Programming: Concepts and Experiences;Kirchhof JC,Malcher L,Rumpe B;2021;ACM
Understanding and Improving Model-Driven IoT Systems through Accompanying Digital Twins;Proceedings of the 20th ACM SIGPLAN International Conference on Generative Programming: Concepts and Experiences;Kirchhof JC,Malcher L,Rumpe B;2021.0;ACM
Urban Intelligence: a Modular, Fully Integrated, and Evolving Model for Cities Digital Twinning;2019 IEEE 16th International Conference on Smart Cities: Improving Quality of Life Using ICT & IoT and AI (HONET-ICT);"G. Castelli; A. Cesta; M. Diez; M. Padula; P. Ravazzani; G. Rinaldi; S. Savazzi; M. Spagnuolo; L. Strambini; G. Tognola; E. F. Campana";2019;IEEE
Urban Intelligence: A Modular, Fully Integrated, and Evolving Model for Cities Digital Twinning;HONET-ICT 2019 - IEEE 16th International Conference on Smart Cities: Improving Quality of Life using ICT, IoT and AI;"Castelli G.; Tognola G.; Campana E.F.; Cesta A.; Diez M.; Padula M.; Ravazzani P.; Rinaldi G.; Savazzi S.; Spagnuolo M.; Strambini L.";2019;Institute of Electrical and Electronics Engineers Inc.
Urban Intelligence: a Modular, Fully Integrated, and Evolving Model for Cities Digital Twinning;2019 IEEE 16th International Conference on Smart Cities: Improving Quality of Life Using ICT & IoT and AI (HONET-ICT);"G. Castelli; A. Cesta; M. Diez; M. Padula; P. Ravazzani; G. Rinaldi; S. Savazzi; M. Spagnuolo; L. Strambini; G. Tognola; E. F. Campana";2019.0;IEEE
Urban Intelligence: a Modular, Fully Integrated, and Evolving Model for Cities Digital Twinning;2019 IEEE 16TH INTERNATIONAL CONFERENCE ON SMART CITIES: IMPROVING QUALITY OF LIFE USING ICT, IOT AND AI (IEEE HONET-ICT 2019);"Castelli, G; Cesta, A; Diez, M; Padula, M; Ravazzani, P; Rinaldi, G; Savazzi, S; Spagnuolo, M; Strambini, L; Tognola, G; Campana, EF";;
Urban Intelligence: Toward the Digital Twin of Matera and Catania;2022 Workshop on Blockchain for Renewables Integration (BLORIN);"G. Castelli; A. Cesta; M. Ciampi; R. De Benedictis; G. De Pietro; M. Diez; G. Felici; R. Malvezzi; B. Masini; R. Pellegrini; A. Scalas; G. Stecca; L. Strambini; G. Tognola; P. Ravazzani; E. F. Campana";2022;IEEE
Urban Intelligence: Toward the Digital Twin of Matera and Catania;2022 Workshop on Blockchain for Renewables Integration, BLORIN 2022;"Castelli G.; Cesta A.; Ciampi M.; De Benedictis R.; De Pietro G.; Diez M.; Felici G.; Malvezzi R.; Masini B.; Pellegrini R.; Scalas A.; Stecca G.; Strambini L.; Tognola G.; Ravazzani P.; Campana E.F.";2022;Institute of Electrical and Electronics Engineers Inc.
Urban Intelligence: Toward the Digital Twin of Matera and Catania;2022 Workshop on Blockchain for Renewables Integration (BLORIN);"G. Castelli; A. Cesta; M. Ciampi; R. De Benedictis; G. De Pietro; M. Diez; G. Felici; R. Malvezzi; B. Masini; R. Pellegrini; A. Scalas; G. Stecca; L. Strambini; G. Tognola; P. Ravazzani; E. F. Campana";2022.0;IEEE
Urban Intelligence: toward the Digital Twin of Matera and Catania;2022 WORKSHOP ON BLOCKCHAIN FOR RENEWABLES INTEGRATION (BLORIN);"Castelli, G; Cesta, A; Ciampi, M; De Benedictis, R; De Pietro, G; Diez, M; Felici, G; Malvezzi, R; Masini, B; Pellegrini, R; Scalas, A; Stecca, G; Strambini, L; Tognola, G; Ravazzani, P; Campana, EF";;
Using Ptolemy II as a Framework for Virtual Entity Integration and Orchestration in Digital Twins;2021 ACM/IEEE International Conference on Model Driven Engineering Languages and Systems Companion (MODELS-C);"D. A. M. Negrin; L. Cleophas; M. Van Den Brand";2021;IEEE
Using Ptolemy II as a Framework for Virtual Entity Integration and Orchestration in Digital Twins;Companion Proceedings - 24th International Conference on Model-Driven Engineering Languages and Systems, MODELS-C 2021;"Negrin D.A.M.; Cleophas L.; Van Den Brand M.";2021;Institute of Electrical and Electronics Engineers Inc.
Using Ptolemy II as a Framework for Virtual Entity Integration and Orchestration in Digital Twins;2021 ACM/IEEE International Conference on Model Driven Engineering Languages and Systems Companion (MODELS-C);"D. A. M. Negrin; L. Cleophas; M. Van Den Brand";2021.0;IEEE
Using Ptolemy II as a Framework for Virtual Entity Integration and Orchestration in Digital Twins;24TH ACM/IEEE INTERNATIONAL CONFERENCE ON MODEL-DRIVEN ENGINEERING LANGUAGES AND SYSTEMS COMPANION (MODELS-C 2021);"Negrin, DAM; Cleophas, L; van den Brand, M";;
Using Trace Alignments for Measuring the Similarity between a Physical and Its Digital Twin;Proceedings of the 25th International Conference on Model Driven Engineering Languages and Systems: Companion Proceedings;MuÒoz P,Wimmer M,Troya J,Vallecillo A;2022;ACM
Using Trace Alignments for Measuring the Similarity between a Physical and Its Digital Twin;Proceedings of the 25th International Conference on Model Driven Engineering Languages and Systems: Companion Proceedings;Mu§oz P,Wimmer M,Troya J,Vallecillo A;2022.0;ACM
Using UML and OCL Models to Realize High-Level Digital Twins;2021 ACM/IEEE International Conference on Model Driven Engineering Languages and Systems Companion (MODELS-C);"P. MuÒoz; J. Troya; A. Vallecillo";2021;IEEE
Using UML and OCL Models to Realize High-Level Digital Twins;Companion Proceedings - 24th International Conference on Model-Driven Engineering Languages and Systems, MODELS-C 2021;"Munoz P.; Troya J.; Vallecillo A.";2021;Institute of Electrical and Electronics Engineers Inc.
Using UML and OCL Models to Realize High-Level Digital Twins;2021 ACM/IEEE International Conference on Model Driven Engineering Languages and Systems Companion (MODELS-C);"P. Mu§oz; J. Troya; A. Vallecillo";2021.0;IEEE
Using UML and OCL Models to Realize High-Level Digital Twins;24TH ACM/IEEE INTERNATIONAL CONFERENCE ON MODEL-DRIVEN ENGINEERING LANGUAGES AND SYSTEMS COMPANION (MODELS-C 2021);"Munoz, P; Troya, J; Vallecillo, A";;
Virtual Soccer Champions: A Case Study on Artifact Reuse in Soccer Robot Digital Twin Construction;Proceedings of the 25th International Conference on Model Driven Engineering Languages and Systems: Companion Proceedings;Walravens G,Muctadir HM,Cleophas L;2022;ACM
Virtual Soccer Champions: A Case Study on Artifact Reuse in Soccer Robot Digital Twin Construction;Proceedings of the 25th International Conference on Model Driven Engineering Languages and Systems: Companion Proceedings;Walravens G,Muctadir HM,Cleophas L;2022.0;ACM
Workshop Management and Control System Based on Digital Twin;2022 8th International Conference on Control, Automation and Robotics (ICCAR);"G. Wang; Z. Bing; Z. Hou; Y. Guan; X. Qi; M. Liu";2022;IEEE
Workshop Management and Control System Based on Digital Twin;2022 8th International Conference on Control, Automation and Robotics (ICCAR);"G. Wang; Z. Bing; Z. Hou; Y. Guan; X. Qi; M. Liu";2022.0;IEEE
A life-cycle dynamic wear degradation model of planetary gear systems;WEAR;"Huangfu, YF; Dong, XJ; Cao, YX; Li, ZW; Peng, ZK; Sun, YT";;
A Low-Code Approach for Data View Extraction from Engineering Models with GraphQL;2023 ACM/IEEE International Conference on Model Driven Engineering Languages and Systems Companion (MODELS-C);"I. Koren; N. Jansen; J. Michael; B. Rumpe; E. B√É¬∂se";2023.0;IEEE
A Model Based Framework for IoT-Aware Business Process Management;FUTURE INTERNET;"Bocciarelli, P; D'Ambrogio, A; Panetti, T";2023.0;
A Model-driven Approach for Knowledge-based Engineering of Industrial Digital Twins;Proceedings - ACM/IEEE 26th International Conference on Model Driven Engineering Languages and Systems, MODELS 2023;"Vale S.; Reddy S.; Subramanian S.; Chaudhuri S.R.; Harsha Nistala S.; Deodhar A.; Runkana V.";2023.0;Scopus
A Model-Driven Digital Twin for Manufacturing Process Adaptation;2023 ACM/IEEE International Conference on Model Driven Engineering Languages and Systems Companion (MODELS-C);"P. Spaney; S. Becker; R. Str√É¬∂bel; J. Fleischer; S. Zenhari; H. -C. M√É¬∂hring; A. -K. Splettst√É¬∂√É¬üer; A. Wortmann";2023.0;IEEE
A Model-Driven Platform for Engineering Holistic Digital Twins;2023 ACM/IEEE International Conference on Model Driven Engineering Languages and Systems Companion (MODELS-C);D. Lehner;2023.0;IEEE
A Modeling Approach Supporting Digital Twin Engineering: Optimizing the Energy Consumption of Air Conditioning Facilities;2023 ACM/IEEE INTERNATIONAL CONFERENCE ON MODEL DRIVEN ENGINEERING LANGUAGES AND SYSTEMS COMPANION, MODELS-C;"Nast, B; Reiz, A; Ivanovic, N; Sandkuhl, K";2023.0;IEEE
A Multi-Robot Warehouse System: An Exemplar;2023 ACM/IEEE International Conference on Model Driven Engineering Languages and Systems Companion (MODELS-C);"H. Marah; R. Paredis; M. Challenger; H. Vangheluwe";2023.0;IEEE
A New Modeling Approach for Power Grid Online Analysis;IFAC PAPERSONLINE;"Zhou, MK; Feng, DH";2020.0;
A Novel Fused NARX-Driven Digital Twin Model for Aeroengine Gas Path Parameter Prediction;IEEE TRANSACTIONS ON INDUSTRIAL INFORMATICS;"Xu, CY; Li, WY; Zhao, Y";;
A software platform for constructing a digital twin of the integrated energy system;E3S Web of Conferences;"Stennikov V.; Sokolov D.; Barakhtenko E.; Mayorov G.";2023.0;Scopus
A Survey of Advanced Information Fusion System: from Model-Driven to Knowledge-Enabled;DATA SCIENCE AND ENGINEERING;"Zhu, D; Yin, HL; Xu, YD; Wu, JQ; Zhang, BW; Cheng, YQ; Yin, ZZ; Yu, ZQ; Wen, H; Li, BH";2023.0;
AC-ROS: Assurance case driven adaptation for the robot operating system;Proceedings - 23rd ACM/IEEE International Conference on Model Driven Engineering Languages and Systems, MODELS 2020;"Cheng B.H.C.; Clark R.J.; Fleck J.E.; Langford M.A.; McKinley P.K.";2020.0;Scopus
An enhanced state-aware model learning approach for security analysis in lightweight protocol implementations;JOURNAL OF CLOUD COMPUTING-ADVANCES SYSTEMS AND APPLICATIONS;"Guo, JX; Zhao, DL; Gu, CX; Chen, X; Zhang, XL; Ju, MC";;
An Interdisciplinary Course on Model-Based Systems Engineering;2023 ACM/IEEE International Conference on Model Driven Engineering Languages and Systems Companion (MODELS-C);"A. Khandoker; S. Sint; M. Wimmer; K. Zeman";2023.0;IEEE
An Optimal Operation Control Framework for Digital Twin Manufacturing Cell;Procedia CIRP;"Zhou Y.; Zhou G.; Zhang C.";2023.0;Scopus
Asset Administration Shells, Configuration, Code Generation: A power trio for Industry 4.0 Platforms;2023 IEEE 28th International Conference on Emerging Technologies and Factory Automation (ETFA);"H. Eichelberger; C. Nieder√É¬©e";2023.0;IEEE
Challenges of Integrating Model-Based Digital Twins for Vehicle Diagnosis;2023 ACM/IEEE International Conference on Model Driven Engineering Languages and Systems Companion (MODELS-C);"M. Heithoff; M. Konersmann; J. Michael; B. Rumpe; F. Steinfurth";2023.0;IEEE
Construction and verification of dual-fuel engine combustion model;JOURNAL OF THE ENERGY INSTITUTE;"Hu, D; Wang, HC; Yang, CL; Wang, BB; Yang, QR; Wang, YY";;
Construction of digital twin model of engine in-cylinder combustion based on data-driven;ENERGY;"Hu, D; Wang, HC; Yang, CL; Wang, BB; Duan, BY; Wang, YY; Li, HC";;
Development and prospect of digital twin model for stray light of spaceborne telescope;Proceedings of SPIE - The International Society for Optical Engineering;"Wu Y.; Huang Y.; Li X.; Chen Q.; Li Y.; Chang J.";2023.0;Scopus
Digital Twin Conception of Intelligent Operation and Maintenance of Power Transformer;Zhongguo Dianji Gongcheng Xuebao/Proceedings of the Chinese Society of Electrical Engineering;"Liu Y.; Liu Y.; Liu G.; Zhao T.; Xu Z.; Yang N.; Jia P.";2023.0;Scopus
Digital Twin for Predictive Maintenance;Proceedings of SPIE - The International Society for Optical Engineering;"Liu Z.; Blasch E.; Liao M.; Yang C.; Tsukada K.; Meyendorf N.";2023.0;Scopus
Digital twin model construction method of water treatment plant;Jisuanji Jicheng Zhizao Xitong/Computer Integrated Manufacturing Systems, CIMS;"Zhou S.; Guo S.; Du B.; Wang L.; Guo J.; Li Y.; Peng Z.; Yu L.";2023.0;
Digital Twin Model of Air-Immersed Transformer Based on Electro-Thermal Simulations;Lecture Notes in Electrical Engineering;"Qin H.; Lin X.; Luo Q.; Zhou H.; Fu J.; Qu D.; Chen L.";2023.0;Scopus
Digital twin model-driven capacity evaluation and scheduling optimization for ship welding production line;Journal of Intelligent Manufacturing;"Liu J.; Ji Q.; Zhang X.; Chen Y.; Zhang Y.; Liu X.; Tang M.";2023.0;Scopus
Digital Twin-Based Multiple Access Optimization and Monitoring via Model-Driven Bayesian Learning;IEEE International Conference on Communications;"Ruah C.; Simeone O.; Al-Hashimi B.";2023.0;Scopus
Digital twinning of railway overhead line equipment from airborne lidar data;Proceedings of the 37th International Symposium on Automation and Robotics in Construction, ISARC 2020: From Demonstration to Practical Use - To New Stage of Construction Robot;"Ariyachandra M.R.M.F.; Brilakis I.";2020.0;Scopus
Digital Twins - A Futuristic Trend in Data Science, Its Scope, Importance, and Applications;Lecture Notes in Networks and Systems;"Vasumathi M.T.; Khan A.; Sadasivan M.; Ramamoorthy U.";2023.0;Scopus
Digital Twins Based Intelligent State Prediction Method for Maneuvering-Target Tracking;IEEE Journal on Selected Areas in Communications;"Liu J.; Yan J.; Wan D.; Li X.; Al-Rubaye S.; Al-Dulaimi A.; Quan Z.";2023.0;Scopus
Digital Twins for Cyber-Biophysical Systems: Challenges and Lessons Learned;Proceedings - ACM/IEEE 26th International Conference on Model Driven Engineering Languages and Systems, MODELS 2023;"David I.; Archambault P.; Wolak Q.; Vu C.V.; Lalonde T.; Riaz K.; Syriani E.; Sahraoui H.";2023.0;Scopus
Eastern Promise? Marco Polo and the Role of Medieval Drama in Netflixís Strategy for Development in East Asia;Streaming and Screen Culture in Asia-Pacific;Clarke D.;2022.0;
Edge-distributed Coordinated Hyper-Parameter Search for Energy Saving SON Use-Case;2022 IEEE International Conference on Communications Workshops (ICC Workshops);"H. Farooq; J. Forgeat; S. Bothe; M. Bouton; P. Karlsson";2022.0;IEEE
Educating Future Software Engineers for Industrial Robotics;"ISR Europe 2023; 56th International Symposium on Robotics";"B. Schuerrle; P. Grimmeisen; J. Pfeiffer; T. Zimmermann; A. Morozov; A. Wortmann";2023.0;VDE
Empowering Industry 4.0 with Generative and Model-Driven SDK Development;IECON Proceedings (Industrial Electronics Conference);"Braunisch N.; Ristin-Kaufmann M.; Lehmann R.; Wollschlaeger M.; Van De Venn H.W.";2023.0;Scopus
Enabling Informed Sustainability Decisions: Sustainability Assessment in Iterative System Modeling;2023 ACM/IEEE International Conference on Model Driven Engineering Languages and Systems Companion (MODELS-C);"G. Gramelsberger; H. Kausch; J. Michael; F. Piller; F. Ponci; A. Praktiknjo; B. Rumpe; R. Sota; S. Venghaus";2023.0;IEEE
Explaining Cyberphysical System Behavior With Digital Twins;IEEE SOFTWARE;"Michael, J; Schwammberger, M; Wortmann, A";;
Extracting Hardware Reconfiguration Models based on Knowledge Synthesis from STEP Files;2023 ACM/IEEE INTERNATIONAL CONFERENCE ON MODEL DRIVEN ENGINEERING LANGUAGES AND SYSTEMS COMPANION, MODELS-C;"Caesar, B; Jansen, N; Weigand, M; Fay, A; Rumpe, B";;
Fault Diagnosis and Task Evaluation of Satellite Power subsystem Based on Digital Twin Modeling and Simulation;2023 CAA Symposium on Fault Detection, Supervision and Safety for Technical Processes (SAFEPROCESS);"Z. Li; L. Liu; B. Sun; L. Zhang";2023.0;IEEE
Generation of Digital Twins for Information Exchange Between Partners in the Industrie 4.0 Value Chain;2023 IEEE 21st International Conference on Industrial Informatics (INDIN);"N. Braunisch; M. Ristin-Kaufmann; R. Lehmann; M. Wollschlaeger; H. W. van de Venn";2023.0;IEEE
Incorporating Hardware-in-the-Loop Simulation into Object-Process Methodology;2020 IEEE International Systems Conference (SysCon);"H. Kohen; D. Dori";2020.0;IEEE
Incremental Causal Connection for Self-Adaptive Systems Based on Relational Reference Attribute Grammars;PROCEEDINGS OF THE 25TH INTERNATIONAL ACM/IEEE CONFERENCE ON MODEL DRIVEN ENGINEERING LANGUAGES AND SYSTEMS, MODELS 2022;"Sch√∂ne, R; Mey, J; Ebert, S; G√∂tz, S; Assmann, U";2022.0;ACM
Is generative artificial intelligence the next step toward a personalized hemodialysis?;"Revista de investigacion clinica; organo del Hospital de Enfermedades de la Nutricion";"Hueso M.; √É¬Ålvarez R.; Mar√É¬≠ D.; Ribas-Ripoll V.; Lekadir K.; Vellido A.";2023.0;Scopus
Job Shop Rescheduling Under Recessive Disturbance Based on Digital Twin;Xitong Fangzhen Xuebao / Journal of System Simulation;"Wu D.; Zhang T.; Zhang X.";2022.0;
Learning to adapt - Software engineering for uncertainty;ACM International Conference Proceeding Series;"Kholkar D.; Roychoudhury S.; Kulkarni V.; Reddy S.";2022.0;Scopus
Leveraging Iterative Plan Refinement for Reactive Smart Manufacturing Systems;IEEE Transactions on Automation Science and Engineering;"B. Wally; J. Vysko√Ñ¬çil; P. Nov√É¬°k; C. Huemer; R. √Ö¬†indel√É¬°√Ö¬ô; P. Kadera; A. Mazak-Huemer; M. Wimmer";2021.0;IEEE
Leveraging modeling concepts and techniques to address challenges in network management;2023 ACM/IEEE 26th International Conference on Model Driven Engineering Languages and Systems (MODELS);"N. Kahani; M. Bagherzadeh; R. Ahmadi; J. Dingel";2023.0;IEEE
MIoTA: Modeling IoT applications for air conditioning facilities with ADOxx;CEUR Workshop Proceedings;"Nast B.; Sandkuhl K.; Paulus S.; Schiller H.";2023.0;Scopus
Model-Based DevOps: Foundations and Challenges;2023 ACM/IEEE International Conference on Model Driven Engineering Languages and Systems Companion (MODELS-C);"B. Combemale; J. -M. J√É¬©z√É¬©quel; Q. Perez; D. Vojtisek; N. Jansen; J. Michael; F. Rademacher; B. Rumpe; A. Wortmann; J. Zhang";2023.0;IEEE
Model-based digital twins of medicine dispensers for healthcare IoT applications;SOFTWARE-PRACTICE & EXPERIENCE;"Sartaj, H; Ali, S; Yue, T; Moberg, K";;
Model-Based System Engineering of the Internet of Things: A Bibliometric Literature Analysis;IEEE Access;E. Ahmad;2023.0;IEEE
Model-Driven Dataset Generation for Data-Driven Battery SOH Models;2023 IEEE/ACM INTERNATIONAL SYMPOSIUM ON LOW POWER ELECTRONICS AND DESIGN, ISLPED;"Alamin, KSS; Daghero, F; Pollo, G; Pagliari, DJ; Chen, YK; Macii, E; Poncino, M; Vinco, S";2023.0;IEEE
Model-driven Engineering of flexible Production Systems with the RAMI Toolbox;2023 IEEE 21st International Conference on Industrial Informatics (INDIN);"C. Binder; A. Cal√É¬†; J. Vollmar; C. Neureiter; A. L√É¬ºder";2023.0;IEEE
Model-Driven Integration of Analysis Components for Cyber-Physical Production Systems;2023 49th Euromicro Conference on Software Engineering and Advanced Applications (SEAA);"P. Spaney; S. Becker";2023.0;IEEE
Model-Driven Microgrid Controller;2019 FISE-IEEE/CIGRE Conference - Living the energy Transition (FISE/CIGRE);"M. R. Dadash Zadeh; A. Mazloomzadeh; H. Ghaffarzadeh; H. Castro";2019.0;IEEE
Model-Driven System-Performance Engineering for Cyber-Physical Systems : Industry Session Paper;2021 International Conference on Embedded Software (EMSOFT);"B. van der Sanden; Y. Li; J. van den Aker; B. Akesson; T. Bijlsma; M. Hendriks; K. Triantafyllidis; J. Verriet; J. Voeten; T. Basten";2021.0;IEEE
Model-Driven Systems Engineering for Virtual Product Design;2019 ACM/IEEE 22nd International Conference on Model Driven Engineering Languages and Systems Companion (MODELS-C);"M. Dalibor; N. Jansen; B. Rumpe; L. Wachtmeister; A. Wortmann";2019.0;IEEE
Modeling Urban Digital Twins over the Cloud-to-Thing Continuum;CEUR Workshop Proceedings;"Moreno N.; Toro-G√É¬°lvez L.; Troya J.; Canal C.";2022.0;Scopus
Multi-dimensional Model-driven Robot Digital Twin System;2023 2nd International Symposium on Sensor Technology and Control, ISSTC 2023;"Wei X.; Wan S.";2023.0;Scopus
On Artificial Intelligence for Simulation and Design Space Exploration in Gas Turbine Design;2019 ACM/IEEE 22nd International Conference on Model Driven Engineering Languages and Systems Companion (MODELS-C);"S. Pilarski; M. Staniszewski; F. Villeneuve; D. Varro";2019.0;IEEE
Principles of Building Digital Twins to Design Integrated Energy Systems;COMPUTATION;"Stennikov, V; Barakhtenko, E; Sokolov, D; Mayorov, G";2022.0;
QoS-Aware Federated Crosschain-Based Model-Driven Reference Architecture for IIoT Sensor Networks in Distributed Manufacturing;IEEE Sensors Journal;"A. Siriweera; K. Naruse";2023.0;IEEE
Rethinking the Traditional Design of Meta-Models: Layout Matters for the Graphical Modeling of Technical Systems;2021 ACM/IEEE International Conference on Model Driven Engineering Languages and Systems Companion (MODELS-C);"G. Wrobel; R. Scheffler; T. Kehrer";2021.0;IEEE
Risk-Driven Derivation of Operation Checklists from Multi-Disciplinary Engineering Knowledge;2022 IEEE 20th International Conference on Industrial Informatics (INDIN);"S. Biffl; S. Kropatschek; E. Kiesling; K. Meixner; A. L√É¬ºder";2022.0;IEEE
Self-adaptive digital twin reference architecture to improve process quality;Procedia CIRP;"Splettst√É¬∂√É¬üer A.-K.; Ellwein C.; Wortmann A.";2023.0;Scopus
Semi-Automatic generation of an lod1 and lod2 3d city model of tanauan city, batangas using openstreetmap and taal open lidar data in qgis;International Archives of the Photogrammetry, Remote Sensing and Spatial Information Sciences - ISPRS Archives;"Camacho P.H.T.; Santiago V.M.R.; Sarmiento C.J.S.";2021.0;Scopus
Simulation Method in Automotive, Aviation and Maritime Industries for Digital Twin: A Brief Survey;2023 IEEE 18th Conference on Industrial Electronics and Applications (ICIEA);"R. Mao; Y. Li; H. Zhang";2023.0;IEEE
Smart Design and Simulation of Aerospace Control System Based on Digital Twin;Xitong Fangzhen Xuebao / Journal of System Simulation;"Liu X.; Tang L.; Zeng H.; Liu Y.; Zhang X.";2019.0;
Smart Transducers in Distributed and Model-Driven Control Applications: Empowering Seamless Internet of Things Integration;IEEE Industrial Electronics Magazine;"H. -P. Bernhard; A. Zoitl; A. Springer";2019.0;IEEE
STAF-WS 2022 - STAF 2022 Workshop Proceedings: 10th International Workshop on Bidirectional Transformations, BX 2022, 2nd International Workshop on Foundations and Practice of Visual Modeling, FPVM 2022 and 2nd International Workshop on MDE for Smart IoT Systems, MeSS 2022 - co-located with Software Technologies: Applications and Foundations Federation of Conferences, STAF 2022;CEUR Workshop Proceedings;;2022.0;
Supporting Digital Twins Systems Integrating the MERODE Approach;Proceedings - 2023 ACM/IEEE International Conference on Model Driven Engineering Languages and Systems Companion, MODELS-C 2023;"Compagnucci I.; Snoeck M.; Asensio E.S.";2023.0;Scopus
Supporting the Development of Digital Twins in Nuclear Waste Monitoring Systems;Procedia Computer Science;"Di Giovanni M.; Campanile L.; D'Onofrio A.; Marrone S.; Marulli F.; Romoli M.; Sabbarese C.; Verde L.";2023.0;Scopus
Supporting Digital Twins Systems Integrating the MERODE Approach;;;;
Smart Design and Simulation of Aerospace Control System Based on Digital Twin;;;;
Supporting the Development of Digital Twins in Nuclear Waste Monitoring Systems;;;;
Semi-Automatic generation of an lod1 and lod2 3d city model of tanauan city, batangas using openstreetmap and taal open lidar data in qgis;;;;
The Syntax of a Multi-Level Production Process Modeling Language;;;;
Towards a Formal Specification of Human Worker for Industry 4.0;;;;
Towards a Lightweight Model-driven Smart-city Digital Twin;;;;
Towards Ontology Enabled Agent-Based Twinning for Cyber-Physical Systems;;;;
Systematic Component-Oriented Language Reuse;;;;
Towards a Formal Specification of Human Worker for Industry 4.0;;;;
Towards a Lightweight Model-driven Smart-city Digital Twin;;;;
Towards a Model-Integrated Runtime Monitoring Infrastructure for Cyber-Physical Systems;;;;
Towards a formal description and automatic execution of production processes;;;;
Towards Model-Driven Engineering of Smart Contracts for Cyber-Physical Systems;Lecture Notes in Business Information Processing;Valderas P.;2023.0;Scopus
Towards Ontology Enabled Agent-Based Twinning for Cyber-Physical Systems;2023 7th International Symposium on Computer Science and Intelligent Control (ISCSIC);"W. Li; B. Li; H. Gao; C. Peng; W. Zhang; Y. Li; X. Ji";2023.0;IEEE
Towards the Integration of Multi-Level and Multi-View Modelling for Interoperability;IEEE Access;"A. Siriweera; K. Naruse";2021.0;IEEE
Towards Generating Model-Driven Speech Interfaces for Digital Twins;2023 ACM/IEEE International Conference on Model Driven Engineering Languages and Systems Companion (MODELS-C);J. Pfeiffer;2023.0;IEEE
Towards a Formal Specification of Human Worker for Industry 4.0;IEEE Transactions on Industrial Informatics;"D. Yuan; T. Luo; C. Gu; K. Zhu";2023.0;IEEE
Supporting the Implementation of Digital Twins for IoT-Enhanced BPs;IEEE WIRELESS COMMUNICATIONS;"Bariah, L; Debbah, M";;
Survey and Practice on Architecture and Deployment Method of Digital Twin System for Intelligent Substation;2020 IEEE International Conference on Teaching, Assessment, and Learning for Engineering (TALE);"S. Bulut; T. G. Giese; M. Wende; R. Anderl";2020.0;IEEE
Survey on Cloud Robotics Architecture and Model-Driven Reference Architecture for Decentralized Multicloud Heterogeneous-Robotics Platform;;;;
Systematic Component-Oriented Language Reuse;2023 IEEE 28th International Conference on Emerging Technologies and Factory Automation (ETFA);"B. Schenkenfelder; C. Salomon; G. Buchgeher; R. Schossleitner; C. Kerl";2023.0;IEEE
The Cyber-Physical System of Machine Tool Monitoring: A Model-Driven Approach With Extended Kalman Filter Implementation;2020 15th Conference on Computer Science and Information Systems (FedCSIS);"M. Vje√Ö¬°tica; V. Dimitrieski; S. Kordi√Ñ¬á; S. Risti√Ñ¬á; I. Lukovi√Ñ¬á; M. Pisari√Ñ¬á";2020.0;IEEE
The Interplay of AI and Digital Twin: Bridging the Gap between Data-Driven and Model-Driven Approaches;2023 ACM/IEEE 26th International Conference on Model Driven Engineering Languages and Systems (MODELS);"V. Kulkarni; S. Reddy; S. Barat; J. Dutta";2023.0;IEEE
The Paperless Factory: From Document Driven Factories to Model Driven Factories;;;;
The Potential of Low-Code Development in the Manufacturing Industry;2019 IEEE 15th International Scientific Conference on Informatics;"M. Vje√Ö¬°tica; V. Dimitrieski; M. Pisari√Ñ¬á; S. Kordi√Ñ¬á; S. Risti√Ñ¬á; I. Lukovi√Ñ¬á";2019.0;IEEE
The Potential of Low-Code Development in the Manufacturing Industry;2022 IEEE 16th International Scientific Conference on Informatics (Informatics);"D. Antanasijevi√Ñ¬á; S. Risti√Ñ¬á; M. Vie√Ö¬°tica; V. Dimitrieski; M. Pisari√Ñ¬á";2022.0;IEEE
The Syntax of a Multi-Level Production Process Modeling Language;International Conference on Model-Driven Engineering and Software Development;"Sottet J.-S.; Brimont P.; Feltus C.; Gateau B.; Merche J.-F.";2022.0;Scopus
Toward a Symbiotic Approach Leveraging Generative AI for Model Driven Engineering;2021 IEEE/ACM 43rd International Conference on Software Engineering: New Ideas and Emerging Results (ICSE-NIER);"M. Vierhauser; H. Marah; A. Garmendia; J. Cleland-Huang; M. Wimmer";2021.0;IEEE
Towards a formal description and automatic execution of production processes;Proceedings - 2023 ACM/IEEE International Conference on Model Driven Engineering Languages and Systems Companion, MODELS-C 2023;"David I.; Bork D.";2023.0;Scopus
Towards a formal description and automatic execution of production processes;Proceedings - 2023 ACM/IEEE International Conference on Model Driven Engineering Languages and Systems Companion, MODELS-C 2023;"Jayaraman R.; Lehner D.; Klikovits S.; Wimmer M.";2023.0;Scopus
Towards a Formal Specification of Human Worker for Industry 4.0;2018 48th Annual IEEE/IFIP International Conference on Dependable Systems and Networks Workshops (DSN-W);"P. Garamv√É¬∂lgyi; I. Kocsis; B. Gehl; A. Klenik";2018.0;IEEE
Towards a Lightweight Model-driven Smart-city Digital Twin;2023 ACM/IEEE International Conference on Model Driven Engineering Languages and Systems Companion (MODELS-C);"H. Marah; L. Lima; M. Challenger; H. Vangheluwe";2023.0;IEEE
Towards a Model-Integrated Runtime Monitoring Infrastructure for Cyber-Physical Systems;2023 ACM/IEEE International Conference on Model Driven Engineering Languages and Systems Companion (MODELS-C);"Y. Fu; G. Grossmann; K. Kaur; M. Selway; M. Stumptner";2023.0;IEEE
Towards a Taxonomy of Digital Twin Evolution for Technical Sustainability;;;;
Towards Generating Model-Driven Speech Interfaces for Digital Twins;;;;
Towards Model-Driven Engineering of Smart Contracts for Cyber-Physical Systems;;;;
Towards Ontology Enabled Agent-Based Twinning for Cyber-Physical Systems;;;;
Towards the Integration of Multi-Level and Multi-View Modelling for Interoperability;;;;
